response_id	outcome_type	outcome	outcome_no	outcome_sep	code	n	group
R_06DkavezrMGKffj	recurring	time loss	1	time loss	time loss	520	time loss
R_06DkavezrMGKffj	serious	NA	1	missing	missing	136	missing
R_0i9ZGQEYBdbMe1r	recurring	time loss	1	time loss	time loss	520	time loss
R_0i9ZGQEYBdbMe1r	serious	time loss	1	time loss	time loss	520	time loss
R_0ibVXbAiuoWoMWR	recurring	financial loss, time loss, and frustration	1	financial loss	financial loss	39	financial lost
R_0ibVXbAiuoWoMWR	serious	na	1	na	irrelevant content	13	irrelevant content
R_0ibVXbAiuoWoMWR	recurring	financial loss, time loss, and frustration	2	time loss	time loss	520	time loss
R_0ibVXbAiuoWoMWR	recurring	financial loss, time loss, and frustration	3	frustration	frustration	202	frustration
R_0Jku2nGizREQbhn	recurring	time loss	1	time loss	time loss	520	time loss
R_0Jku2nGizREQbhn	serious	frustration	1	frustration	frustration	202	frustration
R_0rFImCR89hEJax3	recurring	frustration	1	frustration	frustration	202	frustration
R_0rFImCR89hEJax3	serious	frustration	1	frustration	frustration	202	frustration
R_10H7jaE3hqPEC59	recurring	NA	1	missing	missing	136	missing
R_10H7jaE3hqPEC59	serious	erroneous conclusion	1	erroneous conclusion	erroneous conclusion	83	erroneous conclusion
R_10uWnIrva7R5dgS	recurring	time loss	1	time loss	time loss	520	time loss
R_10uWnIrva7R5dgS	serious	time loss, frustration	1	time loss	time loss	520	time loss
R_10uWnIrva7R5dgS	serious	time loss, frustration	2	frustration	frustration	202	frustration
R_1163fpcUwH7iUdJ	recurring	time loss	1	time loss	time loss	520	time loss
R_1163fpcUwH7iUdJ	serious	time loss	1	time loss	time loss	520	time loss
R_11gukLDI1B8MFre	recurring	none	1	none	none	13	"NA"
R_11gukLDI1B8MFre	serious	frustration	1	frustration	frustration	202	frustration
R_12bhBKmNyRkrtgz	recurring	NA	1	missing	missing	136	missing
R_12bhBKmNyRkrtgz	serious	NA	1	missing	missing	136	missing
R_12kZ5E4TIFs2wbK	recurring	frustration	1	frustration	frustration	202	frustration
R_12kZ5E4TIFs2wbK	serious	erroneous conclusion	1	erroneous conclusion	erroneous conclusion	83	erroneous conclusion
R_12ovEFWl7OzSTn7	recurring	NA	1	missing	missing	136	missing
R_12ovEFWl7OzSTn7	serious	NA	1	missing	missing	136	missing
R_12tYv2Y5nec53EF	recurring	time loss	1	time loss	time loss	520	time loss
R_12tYv2Y5nec53EF	serious	time loss	1	time loss	time loss	520	time loss
R_1C7oJP4CkRa3cdP	recurring	financial loss	1	financial loss	financial loss	39	financial lost
R_1C7oJP4CkRa3cdP	serious	financial loss	1	financial loss	financial loss	39	financial lost
R_1C8fB8CBFHe5SbN	recurring	time loss	1	time loss	time loss	520	time loss
R_1C8fB8CBFHe5SbN	serious	NA	1	missing	missing	136	missing
R_1C9qNC1dUt7ZiSE	recurring	frustration	1	frustration	frustration	202	frustration
R_1C9qNC1dUt7ZiSE	serious	NA	1	missing	missing	136	missing
R_1CKGCablLVpWzNT	recurring	INABILITY TO COMPLETE ANALYSIS OF LONGITUDINAL DATA	1	INABILITY TO COMPLETE ANALYSIS OF LONGITUDINAL DATA	inability to complete the analysis	2	potential or real project failure or setback
R_1CKGCablLVpWzNT	serious	NA	1	missing	missing	136	missing
R_1cZWGJtCZKD1ew4	recurring	duplication of effort - potential for erroneous conclusions	1	duplication of effort	double effort	2	time loss
R_1cZWGJtCZKD1ew4	serious	duplication of effort	1	duplication of effort	double effort	2	time loss
R_1cZWGJtCZKD1ew4	recurring	duplication of effort - potential for erroneous conclusions	2	potential for erroneous conclusions	erroneous conclusion	83	erroneous conclusion
R_1d4iz3m2nqcDwm0	recurring	time loss	1	time loss	time loss	520	time loss
R_1d4iz3m2nqcDwm0	serious	time loss	1	time loss	time loss	520	time loss
R_1ditQMNo8bzXokM	recurring	time loss	1	time loss	time loss	520	time loss
R_1ditQMNo8bzXokM	serious	time loss	1	time loss	time loss	520	time loss
R_1dLyeBiPezAXaav	recurring	time loss	1	time loss	time loss	520	time loss
R_1dLyeBiPezAXaav	serious	time loss	1	time loss	time loss	520	time loss
R_1dMSnCIjM6WCRyg	recurring	time loss	1	time loss	time loss	520	time loss
R_1dMSnCIjM6WCRyg	serious	time loss	1	time loss	time loss	520	time loss
R_1DTQz85ICC3MW9k	recurring	frustration	1	frustration	frustration	202	frustration
R_1DTQz85ICC3MW9k	serious	frustration	1	frustration	frustration	202	frustration
R_1dyHBENaRUWZjBd	recurring	financial loss	1	financial loss	financial loss	39	financial lost
R_1dyHBENaRUWZjBd	serious	time loss	1	time loss	time loss	520	time loss
R_1DzEEG1QzkdWLdl	recurring	time loss	1	time loss	time loss	520	time loss
R_1DzEEG1QzkdWLdl	serious	time loss	1	time loss	time loss	520	time loss
R_1dzgIml0qeTOy3z	recurring	NA	1	missing	missing	136	missing
R_1dzgIml0qeTOy3z	serious	NA	1	missing	missing	136	missing
R_1EibulGREp2Awdg	recurring	erroneous conclusion	1	erroneous conclusion	erroneous conclusion	83	erroneous conclusion
R_1EibulGREp2Awdg	serious	All of the above	1	financial loss	financial loss	39	financial lost
R_1EibulGREp2Awdg	serious	All of the above	2	erroneous conclusion	erroneous conclusion	83	erroneous conclusion
R_1EibulGREp2Awdg	serious	All of the above	3	time loss	time loss	520	time loss
R_1EibulGREp2Awdg	serious	All of the above	4	frustration	frustration	202	frustration
R_1EKvVZl7B5pr465	recurring	time loss	1	time loss	time loss	520	time loss
R_1EKvVZl7B5pr465	serious	time loss	1	time loss	time loss	520	time loss
R_1eru08S1SGWl5sm	recurring	time loss	1	time loss	time loss	520	time loss
R_1eru08S1SGWl5sm	serious	time loss	1	time loss	time loss	520	time loss
R_1eV2on20y9CkUQr	recurring	NA	1	missing	missing	136	missing
R_1eV2on20y9CkUQr	serious	NA	1	missing	missing	136	missing
R_1EZ15sr0mldmdJS	recurring	frustration	1	frustration	frustration	202	frustration
R_1EZ15sr0mldmdJS	serious	time loss	1	time loss	time loss	520	time loss
R_1f1ptLmJabcd2gt	recurring	time loss	1	time loss	time loss	520	time loss
R_1f1ptLmJabcd2gt	serious	time loss	1	time loss	time loss	520	time loss
R_1f7yeRvfde3epEo	recurring	NA	1	missing	missing	136	missing
R_1f7yeRvfde3epEo	serious	NA	1	missing	missing	136	missing
R_1f8IXSbHxMdw6pC	recurring	NA	1	missing	missing	136	missing
R_1f8IXSbHxMdw6pC	serious	NA	1	missing	missing	136	missing
R_1fd7fjBC84Nf1XI	recurring	time loss	1	time loss	time loss	520	time loss
R_1fd7fjBC84Nf1XI	serious	time loss	1	time loss	time loss	520	time loss
R_1FgF6lRVQZUd4dW	recurring	Trial and error is a useful pedagogical technique at the graduate level.  Give student a problem.  Have them attempt to solve it on their own with minimal instruction.  Go through their work with them present and discuss errors/problems.  Help them develop an algorithm to fix it.	1	Trial and error is a useful pedagogical technique at the graduate level.  Give student a problem.  Have them attempt to solve it on their own with minimal instruction.  Go through their work with them present and discuss errors/problems.  Help them develop an algorithm to fix it.	irrelevant content	13	irrelevant content
R_1FgF6lRVQZUd4dW	serious	frustration	1	frustration	frustration	202	frustration
R_1fkEC9uIzUqHPXF	recurring	time loss	1	time loss	time loss	520	time loss
R_1fkEC9uIzUqHPXF	serious	frustration	1	frustration	frustration	202	frustration
R_1FnQHiAFu95KLEA	recurring	erroneous conclusion	1	erroneous conclusion	erroneous conclusion	83	erroneous conclusion
R_1FnQHiAFu95KLEA	serious	We corrected the errors in 3 manuscripts.	1	We corrected the errors in 3 manuscripts.	insufficient information	5	insufficient information
R_1FqSTPQf3FjsXjM	recurring	time loss	1	time loss	time loss	520	time loss
R_1FqSTPQf3FjsXjM	serious	NA	1	missing	missing	136	missing
R_1Fsku9bfzuOnHlW	recurring	Both time lost and Lord of frustration	1	time lost	time loss	520	time loss
R_1Fsku9bfzuOnHlW	serious	The project was scrapped	1	The project was scrapped	project failure	2	potential or real project failure or setback
R_1Fsku9bfzuOnHlW	recurring	Both time lost and Lord of frustration	2	Lord of frustration	frustration	202	frustration
R_1FwvnH84InncNXX	recurring	I would say that all of the above are applicable to a certain extent.	1	financial loss	financial loss	39	financial lost
R_1FwvnH84InncNXX	serious	erroneous conclusion	1	erroneous conclusion	erroneous conclusion	83	erroneous conclusion
R_1FwvnH84InncNXX	recurring	I would say that all of the above are applicable to a certain extent.	2	errorneous conclusion	erroneous conclusion	83	erroneous conclusion
R_1FwvnH84InncNXX	recurring	I would say that all of the above are applicable to a certain extent.	3	time loss	time loss	520	time loss
R_1FwvnH84InncNXX	recurring	I would say that all of the above are applicable to a certain extent.	4	frustration	frustration	202	frustration
R_1FzFMxxfXX2SLGw	recurring	time loss	1	time loss	time loss	520	time loss
R_1FzFMxxfXX2SLGw	serious	time loss	1	time loss	time loss	520	time loss
R_1g0dAm4HvOZLwXc	recurring	financial loss	1	financial loss	financial loss	39	financial lost
R_1g0dAm4HvOZLwXc	serious	NA	1	missing	missing	136	missing
R_1g6hYU8eXreCTSC	recurring	time loss	1	time loss	time loss	520	time loss
R_1g6hYU8eXreCTSC	serious	frustration	1	frustration	frustration	202	frustration
R_1g86ziif9LCszbc	recurring	frustration	1	frustration	frustration	202	frustration
R_1g86ziif9LCszbc	serious	erroneous conclusion	1	erroneous conclusion	erroneous conclusion	83	erroneous conclusion
R_1GEpvVXQjiA6JFC	recurring	frustration	1	frustration	frustration	202	frustration
R_1GEpvVXQjiA6JFC	serious	NA	1	missing	missing	136	missing
R_1gi7in2zvTaVHpj	recurring	NR	1	NR	irrelevant content	13	irrelevant content
R_1gi7in2zvTaVHpj	serious	NA	1	missing	missing	136	missing
R_1gpx3ioVAlVTipo	recurring	time loss	1	time loss	time loss	520	time loss
R_1gpx3ioVAlVTipo	serious	project failure	1	project failure	project failure	2	potential or real project failure or setback
R_1GWgjyjQjIpBIew	recurring	frustration	1	frustration	frustration	202	frustration
R_1GWgjyjQjIpBIew	serious	time loss	1	time loss	time loss	520	time loss
R_1gwrKmk8l9dBdpR	recurring	time loss	1	time loss	time loss	520	time loss
R_1gwrKmk8l9dBdpR	serious	time loss	1	time loss	time loss	520	time loss
R_1HemYlCts4kwav2	recurring	time loss	1	time loss	time loss	520	time loss
R_1HemYlCts4kwav2	serious	smaller sample size	1	smaller sample size	participant loss	4	potential or real project failure or setback
R_1hLr7MYgQpK05AT	recurring	erroneous conclusion	1	erroneous conclusion	erroneous conclusion	83	erroneous conclusion
R_1hLr7MYgQpK05AT	serious	erroneous conclusion	1	erroneous conclusion	erroneous conclusion	83	erroneous conclusion
R_1i2NaZKfSEk0NAo	recurring	NA	1	missing	missing	136	missing
R_1i2NaZKfSEk0NAo	serious	NA	1	missing	missing	136	missing
R_1IH7qhVEGwzF6pZ	recurring	time loss	1	time loss	time loss	520	time loss
R_1IH7qhVEGwzF6pZ	serious	erroneous conclusion	1	erroneous conclusion	erroneous conclusion	83	erroneous conclusion
R_1IhH5uWbd7fWbq1	recurring	NA	1	missing	missing	136	missing
R_1IhH5uWbd7fWbq1	serious	NA	1	missing	missing	136	missing
R_1IlTZYBSAO0Dcuy	recurring	Time loss and frustration when returning to data set a few years later.	1	Time loss when returning to data set a few years later.	time loss	520	time loss
R_1IlTZYBSAO0Dcuy	serious	Could not use the data collected, and needed to re-run the study (financial loss, time loss, frustration)	1	Could not use the data collected	unusable data	4	potential or real project failure or setback
R_1IlTZYBSAO0Dcuy	recurring	Time loss and frustration when returning to data set a few years later.	2	frustration when returning to data set a few years later.	frustration	202	frustration
R_1IlTZYBSAO0Dcuy	serious	Could not use the data collected, and needed to re-run the study (financial loss, time loss, frustration)	2	needed to re-run the study	had to rerun the study	1	potential or real project failure or setback
R_1IlTZYBSAO0Dcuy	serious	Could not use the data collected, and needed to re-run the study (financial loss, time loss, frustration)	3	financial loss	financial loss	39	financial lost
R_1IlTZYBSAO0Dcuy	serious	Could not use the data collected, and needed to re-run the study (financial loss, time loss, frustration)	4	time loss	time loss	520	time loss
R_1IlTZYBSAO0Dcuy	serious	Could not use the data collected, and needed to re-run the study (financial loss, time loss, frustration)	5	frustration	frustration	202	frustration
R_1ImjMmhDv5BB0tL	recurring	frustration	1	frustration	frustration	202	frustration
R_1ImjMmhDv5BB0tL	serious	NA	1	missing	missing	136	missing
R_1IWT6B2ocVRIEy7	recurring	frustration	1	frustration	frustration	202	frustration
R_1IWT6B2ocVRIEy7	serious	Not applicable	1	Not applicable	irrelevant content	13	irrelevant content
R_1IXK61gu891fM53	recurring	time loss	1	time loss	time loss	520	time loss
R_1IXK61gu891fM53	serious	NA	1	missing	missing	136	missing
R_1jTgRy9bu3qIAQT	recurring	frustration	1	frustration	frustration	202	frustration
R_1jTgRy9bu3qIAQT	serious	time loss	1	time loss	time loss	520	time loss
R_1jvKqTl2Ij19jke	recurring	time loss	1	time loss	time loss	520	time loss
R_1jvKqTl2Ij19jke	serious	NA	1	missing	missing	136	missing
R_1K26DA5M0mERwZH	recurring	time loss	1	time loss	time loss	520	time loss
R_1K26DA5M0mERwZH	serious	time loss	1	time loss	time loss	520	time loss
R_1K7lVatqDC1d3dz	recurring	frustration	1	frustration	frustration	202	frustration
R_1K7lVatqDC1d3dz	serious	financial loss	1	financial loss	financial loss	39	financial lost
R_1K8Ralb7H385hcB	recurring	We jeopardized participants' data (psycological background, personal information, health information, etc.)	1	We jeopardized participants' data (psycological background, personal information, health information, etc.)	sharing participants personal information	2	potential legal charges
R_1K8Ralb7H385hcB	serious	See above	1	See above	see above	4	see above
R_1kMINu0tVdNVrjQ	recurring	frustration	1	frustration	frustration	202	frustration
R_1kMINu0tVdNVrjQ	serious	frustration	1	frustration	frustration	202	frustration
R_1KoS03TB4Dmwx8K	recurring	having an Erratum you hope people will consult.	1	having an Erratum you hope people will consult.	writing an erratum	4	frustration
R_1KoS03TB4Dmwx8K	serious	NA	1	missing	missing	136	missing
R_1Kp6yZnGSG4gEcP	recurring	time loss	1	time loss	time loss	520	time loss
R_1Kp6yZnGSG4gEcP	serious	time loss	1	time loss	time loss	520	time loss
R_1kTbPJmOD0m8h6r	recurring	time loss	1	time loss	time loss	520	time loss
R_1kTbPJmOD0m8h6r	serious	frustration	1	frustration	frustration	202	frustration
R_1kTSdgoR3ATiihw	recurring	erroneous conclusion	1	erroneous conclusion	erroneous conclusion	83	erroneous conclusion
R_1kTSdgoR3ATiihw	serious	erroneous conclusion	1	erroneous conclusion	erroneous conclusion	83	erroneous conclusion
R_1Kx6uWGscVutS3f	recurring	Time loss and frustration	1	Time loss	time loss	520	time loss
R_1Kx6uWGscVutS3f	serious	NA	1	missing	missing	136	missing
R_1Kx6uWGscVutS3f	recurring	Time loss and frustration	2	frustration	frustration	202	frustration
R_1kY9lz7ULI6kPb3	recurring	time loss	1	time loss	time loss	520	time loss
R_1kY9lz7ULI6kPb3	serious	time loss	1	time loss	time loss	520	time loss
R_1lAjGmRwoW52vY9	recurring	time loss	1	time loss	time loss	520	time loss
R_1lAjGmRwoW52vY9	serious	frustration	1	frustration	frustration	202	frustration
R_1lB26n6FmxVjcjF	recurring	NA	1	missing	missing	136	missing
R_1lB26n6FmxVjcjF	serious	frustration	1	frustration	frustration	202	frustration
R_1LbdeE1TkgHwlf0	recurring	time loss	1	time loss	time loss	520	time loss
R_1LbdeE1TkgHwlf0	serious	time loss	1	time loss	time loss	520	time loss
R_1LBzXSxZUeQ0CZr	recurring	time loss	1	time loss	time loss	520	time loss
R_1LBzXSxZUeQ0CZr	serious	time loss	1	time loss	time loss	520	time loss
R_1Lez5WNMDX1hRUJ	recurring	time loss	1	time loss	time loss	520	time loss
R_1Lez5WNMDX1hRUJ	serious	NA	1	missing	missing	136	missing
R_1lhqYV1QwEPPpZy	recurring	frustration	1	frustration	frustration	202	frustration
R_1lhqYV1QwEPPpZy	serious	time loss	1	time loss	time loss	520	time loss
R_1LifDMLl5WpopDp	recurring	frustration	1	frustration	frustration	202	frustration
R_1LifDMLl5WpopDp	serious	frustration	1	frustration	frustration	202	frustration
R_1LNc6THhR7JwDJ5	recurring	frustration	1	frustration	frustration	202	frustration
R_1LNc6THhR7JwDJ5	serious	frustration	1	frustration	frustration	202	frustration
R_1LXOUF7PqQkhz6o	recurring	time loss	1	time loss	time loss	520	time loss
R_1LXOUF7PqQkhz6o	serious	time loss	1	time loss	time loss	520	time loss
R_1lz69PsdTmTnVVj	recurring	time loss	1	time loss	time loss	520	time loss
R_1lz69PsdTmTnVVj	serious	Loss of participants because information could not be matched across years	1	Loss of participants because information could not be matched across years	participant loss	4	potential or real project failure or setback
R_1M4JynyqFgfbEGn	recurring	NA	1	missing	missing	136	missing
R_1M4JynyqFgfbEGn	serious	NA	1	missing	missing	136	missing
R_1mKI2PUxRHLULTJ	recurring	time loss	1	time loss	time loss	520	time loss
R_1mKI2PUxRHLULTJ	serious	time loss	1	time loss	time loss	520	time loss
R_1MQWERjeI1GSADq	recurring	time loss	1	time loss	time loss	520	time loss
R_1MQWERjeI1GSADq	serious	erroneous conclusion	1	erroneous conclusion	erroneous conclusion	83	erroneous conclusion
R_1mVqGcXzn9RTmbh	recurring	erroneous conclusion	1	erroneous conclusion	erroneous conclusion	83	erroneous conclusion
R_1mVqGcXzn9RTmbh	serious	NA	1	missing	missing	136	missing
R_1mW0ThB9AoMJITt	recurring	time loss	1	time loss	time loss	520	time loss
R_1mW0ThB9AoMJITt	serious	time loss	1	time loss	time loss	520	time loss
R_1myhPq5ghONho9x	recurring	erroneous conclusion	1	erroneous conclusion	erroneous conclusion	83	erroneous conclusion
R_1myhPq5ghONho9x	serious	erroneous conclusion	1	erroneous conclusion	erroneous conclusion	83	erroneous conclusion
R_1NCbBfTdX4Jcm6q	recurring	frustration	1	frustration	frustration	202	frustration
R_1NCbBfTdX4Jcm6q	serious	frustration	1	frustration	frustration	202	frustration
R_1NDGa4iJhjM1zX9	recurring	time loss	1	time loss	time loss	520	time loss
R_1NDGa4iJhjM1zX9	serious	time loss	1	time loss	time loss	520	time loss
R_1NwBZ6uZyWVD4r1	recurring	time loss	1	time loss	time loss	520	time loss
R_1NwBZ6uZyWVD4r1	serious	NA	1	missing	missing	136	missing
R_1nZmLTBp6dPXqgm	recurring	erroneous conclusion	1	erroneous conclusion	erroneous conclusion	83	erroneous conclusion
R_1nZmLTBp6dPXqgm	serious	frustration	1	frustration	frustration	202	frustration
R_1o0l1vb0QVWOutj	recurring	time loss	1	time loss	time loss	520	time loss
R_1o0l1vb0QVWOutj	serious	time loss	1	time loss	time loss	520	time loss
R_1o7utbGjr0CiW5p	recurring	time loss	1	time loss	time loss	520	time loss
R_1o7utbGjr0CiW5p	serious	frustration	1	frustration	frustration	202	frustration
R_1OB3foIsQJfflaa	recurring	time loss	1	time loss	time loss	520	time loss
R_1OB3foIsQJfflaa	serious	Greater attrition than expected and potential impact on conclusions	1	Greater attrition than expected	participant loss	4	potential or real project failure or setback
R_1OB3foIsQJfflaa	serious	Greater attrition than expected and potential impact on conclusions	2	potential impact on conclusions	erroneous conclusion	83	erroneous conclusion
R_1obR2FYKvFuxCjp	recurring	NA	1	missing	missing	136	missing
R_1obR2FYKvFuxCjp	serious	frustration	1	frustration	frustration	202	frustration
R_1OCdfz7knYYZ9MF	recurring	time loss	1	time loss	time loss	520	time loss
R_1OCdfz7knYYZ9MF	serious	erroneous conclusion	1	erroneous conclusion	erroneous conclusion	83	erroneous conclusion
R_1ODLj4FHdxhK3G1	recurring	All except of second	1	financial loss	financial loss	39	financial lost
R_1ODLj4FHdxhK3G1	serious	All except of second	1	financial loss	financial loss	39	financial lost
R_1ODLj4FHdxhK3G1	recurring	All except of second	2	time loss	time loss	520	time loss
R_1ODLj4FHdxhK3G1	serious	All except of second	2	time loss	time loss	520	time loss
R_1ODLj4FHdxhK3G1	recurring	All except of second	3	frustration	frustration	202	frustration
R_1ODLj4FHdxhK3G1	serious	All except of second	3	frustration	frustration	202	frustration
R_1ogVGCkvyaVYrta	recurring	there wasn't a negative outcome - the error was caught	1	there wasn't a negative outcome - the error was caught	none	13	"NA"
R_1ogVGCkvyaVYrta	serious	NA	1	missing	missing	136	missing
R_1ohTkjECbK7PyOm	recurring	frustration	1	frustration	frustration	202	frustration
R_1ohTkjECbK7PyOm	serious	time loss	1	time loss	time loss	520	time loss
R_1oi2EOZ5uJxYlCL	recurring	time loss	1	time loss	time loss	520	time loss
R_1oi2EOZ5uJxYlCL	serious	NA	1	missing	missing	136	missing
R_1ojdoHkyRAEhaO9	recurring	time loss	1	time loss	time loss	520	time loss
R_1ojdoHkyRAEhaO9	serious	time loss	1	time loss	time loss	520	time loss
R_1OkPHcZJmExTE2S	recurring	erroneous conclusion	1	erroneous conclusion	erroneous conclusion	83	erroneous conclusion
R_1OkPHcZJmExTE2S	serious	erroneous conclusion	1	erroneous conclusion	erroneous conclusion	83	erroneous conclusion
R_1Or7tDijbW5NQ1e	recurring	time loss	1	time loss	time loss	520	time loss
R_1Or7tDijbW5NQ1e	serious	time loss	1	time loss	time loss	520	time loss
R_1pRrkSmdJGmTwHk	recurring	time loss	1	time loss	time loss	520	time loss
R_1pRrkSmdJGmTwHk	serious	data loss/unable to share with other researchers years later	1	data loss	data loss	15	potential or real project failure or setback
R_1pRrkSmdJGmTwHk	serious	data loss/unable to share with other researchers years later	2	unable to share with other researchers years later	unable to share data	1	loss of scientific value
R_1PYqrwTWH43MQ4b	recurring	Time loss and frustration (survey wouldn’t allow me to select both)	1	Time loss (survey wouldn’t allow me to select both)	time loss	520	time loss
R_1PYqrwTWH43MQ4b	serious	Frustration, time loss, having an editor look down on us for changing conclusions after an R&R	1	Frustration	frustration	202	frustration
R_1PYqrwTWH43MQ4b	recurring	Time loss and frustration (survey wouldn’t allow me to select both)	2	frustration	frustration	202	frustration
R_1PYqrwTWH43MQ4b	serious	Frustration, time loss, having an editor look down on us for changing conclusions after an R&R	2	time loss	time loss	520	time loss
R_1PYqrwTWH43MQ4b	serious	Frustration, time loss, having an editor look down on us for changing conclusions after an R&R	3	having an editor look down on us for changing conclusions after an R&R	embarrassment	3	frustration
R_1q8MrESM6Soe0YW	recurring	frustration	1	frustration	frustration	202	frustration
R_1q8MrESM6Soe0YW	serious	frustration	1	frustration	frustration	202	frustration
R_1qgGU0J3OX0g6t9	recurring	time loss	1	time loss	time loss	520	time loss
R_1qgGU0J3OX0g6t9	serious	time loss	1	time loss	time loss	520	time loss
R_1QJxQZXirFtXONG	recurring	time loss	1	time loss	time loss	520	time loss
R_1QJxQZXirFtXONG	serious	frustration	1	frustration	frustration	202	frustration
R_1QLOiVySy2bKLTZ	recurring	"I want to select all options but ""financial"". If you want most important outcome then, ""erroneous conclusion"""	1	erroneous conclusion	erroneous conclusion	83	erroneous conclusion
R_1QLOiVySy2bKLTZ	serious	erroneous conclusion	1	erroneous conclusion	erroneous conclusion	83	erroneous conclusion
R_1QLOiVySy2bKLTZ	recurring	"I want to select all options but ""financial"". If you want most important outcome then, ""erroneous conclusion"""	2	time loss	time loss	520	time loss
R_1QLOiVySy2bKLTZ	recurring	"I want to select all options but ""financial"". If you want most important outcome then, ""erroneous conclusion"""	3	frustration	frustration	202	frustration
R_1qWnEsHwB47T5gC	recurring	frustration	1	frustration	frustration	202	frustration
R_1qWnEsHwB47T5gC	serious	erroneous conclusion	1	erroneous conclusion	erroneous conclusion	83	erroneous conclusion
R_1rH1NztEvUbUmp0	recurring	time loss	1	time loss	time loss	520	time loss
R_1rH1NztEvUbUmp0	serious	time loss	1	time loss	time loss	520	time loss
R_1rqy1rVzOKTinKa	recurring	frustration	1	frustration	frustration	202	frustration
R_1rqy1rVzOKTinKa	serious	frustration	1	frustration	frustration	202	frustration
R_1rrxPxsFGkflPpx	recurring	little re-use	1	little re-use	little re-use	1	loss of scientific value
R_1rrxPxsFGkflPpx	serious	don't remember	1	don't remember	irrelevant content	13	irrelevant content
R_1rwuSrjs7gQ6lcy	recurring	time loss	1	time loss	time loss	520	time loss
R_1rwuSrjs7gQ6lcy	serious	time loss	1	time loss	time loss	520	time loss
R_1UeEmajLZ4T4TwR	recurring	financial loss	1	financial loss	financial loss	39	financial lost
R_1UeEmajLZ4T4TwR	serious	financial loss	1	financial loss	financial loss	39	financial lost
R_1ZdEcLWKTBdeOgV	recurring	time loss	1	time loss	time loss	520	time loss
R_1ZdEcLWKTBdeOgV	serious	erroneous conclusion	1	erroneous conclusion	erroneous conclusion	83	erroneous conclusion
R_202sfhbxfEwDsEV	recurring	time loss	1	time loss	time loss	520	time loss
R_202sfhbxfEwDsEV	serious	time loss	1	time loss	time loss	520	time loss
R_22EynRiZfQKWOM7	recurring	loss of data that would have been a useful variable for analysis	1	loss of data that would have been a useful variable for analysis	data loss	15	potential or real project failure or setback
R_22EynRiZfQKWOM7	serious	NA	1	missing	missing	136	missing
R_22ms4BKg4b2PqVr	recurring	time loss	1	time loss	time loss	520	time loss
R_22ms4BKg4b2PqVr	serious	frustration	1	frustration	frustration	202	frustration
R_238HFUYOk87Upxk	recurring	erroneous conclusion	1	erroneous conclusion	erroneous conclusion	83	erroneous conclusion
R_238HFUYOk87Upxk	serious	erroneous conclusion	1	erroneous conclusion	erroneous conclusion	83	erroneous conclusion
R_23eJfXyDulGeJUx	recurring	time loss	1	time loss	time loss	520	time loss
R_23eJfXyDulGeJUx	serious	frustration	1	frustration	frustration	202	frustration
R_23f99S8tbBeZcmr	recurring	time loss	1	time loss	time loss	520	time loss
R_23f99S8tbBeZcmr	serious	NA	1	missing	missing	136	missing
R_240gExq9GupfN2a	recurring	time loss	1	time loss	time loss	520	time loss
R_240gExq9GupfN2a	serious	time loss	1	time loss	time loss	520	time loss
R_240mxsPP2K7qvrD	recurring	frustration	1	frustration	frustration	202	frustration
R_240mxsPP2K7qvrD	serious	frustration	1	frustration	frustration	202	frustration
R_24AdUWCIaQLvyCw	recurring	time loss	1	time loss	time loss	520	time loss
R_24AdUWCIaQLvyCw	serious	NA	1	missing	missing	136	missing
R_24jZ54FYuSFoono	recurring	time loss	1	time loss	time loss	520	time loss
R_24jZ54FYuSFoono	serious	time loss	1	time loss	time loss	520	time loss
R_24OvWIXid68ghSc	recurring	time loss	1	time loss	time loss	520	time loss
R_24OvWIXid68ghSc	serious	data loss	1	data loss	data loss	15	potential or real project failure or setback
R_25AfsUG4wphIkYO	recurring	time loss	1	time loss	time loss	520	time loss
R_25AfsUG4wphIkYO	serious	time loss	1	time loss	time loss	520	time loss
R_25RcV6aMECnyYyF	recurring	frustration	1	frustration	frustration	202	frustration
R_25RcV6aMECnyYyF	serious	frustration	1	frustration	frustration	202	frustration
R_26mVWrTn2jxXvOy	recurring	time loss	1	time loss	time loss	520	time loss
R_26mVWrTn2jxXvOy	serious	financial loss	1	financial loss	financial loss	39	financial lost
R_27BdmSNc3E6ZlFf	recurring	time loss	1	time loss	time loss	520	time loss
R_27BdmSNc3E6ZlFf	serious	erroneous conclusion	1	erroneous conclusion	erroneous conclusion	83	erroneous conclusion
R_27s7Eu21Kt5yIT0	recurring	frustration	1	frustration	frustration	202	frustration
R_27s7Eu21Kt5yIT0	serious	financial loss	1	financial loss	financial loss	39	financial lost
R_28FWEYSvglYwL9F	recurring	time loss	1	time loss	time loss	520	time loss
R_28FWEYSvglYwL9F	serious	NA	1	missing	missing	136	missing
R_28GI4y8PGiLchXU	recurring	frustration	1	frustration	frustration	202	frustration
R_28GI4y8PGiLchXU	serious	financial loss	1	financial loss	financial loss	39	financial lost
R_28ZpvpJ7r1GU67H	recurring	frustration	1	frustration	frustration	202	frustration
R_28ZpvpJ7r1GU67H	serious	time loss	1	time loss	time loss	520	time loss
R_29tEljEKBrsztMe	recurring	Usually we trace the problem in reanalyses.	1	Usually we trace the problem in reanalyses.	insufficient information	5	insufficient information
R_29tEljEKBrsztMe	serious	erroneous conclusion	1	erroneous conclusion	erroneous conclusion	83	erroneous conclusion
R_2AF6qvxadkDoTSW	recurring	NA	1	missing	missing	136	missing
R_2AF6qvxadkDoTSW	serious	NA	1	missing	missing	136	missing
R_2afAwJhFERuWpcR	recurring	time loss	1	time loss	time loss	520	time loss
R_2afAwJhFERuWpcR	serious	time loss	1	time loss	time loss	520	time loss
R_2agYT2RkPZaarIL	recurring	time loss	1	time loss	time loss	520	time loss
R_2agYT2RkPZaarIL	serious	time loss	1	time loss	time loss	520	time loss
R_2aKnSakmSAQuXYg	recurring	time loss	1	time loss	time loss	520	time loss
R_2aKnSakmSAQuXYg	serious	time loss	1	time loss	time loss	520	time loss
R_2aQPnJKQNgJw2Ob	recurring	time loss	1	time loss	time loss	520	time loss
R_2aQPnJKQNgJw2Ob	serious	erroneous conclusion	1	erroneous conclusion	erroneous conclusion	83	erroneous conclusion
R_2ARO4v2Lk45N6OG	recurring	all of the above -- mostly time loss	1	financial loss	financial loss	39	financial lost
R_2ARO4v2Lk45N6OG	serious	all of the above	1	financial loss	financial loss	39	financial lost
R_2ARO4v2Lk45N6OG	recurring	all of the above -- mostly time loss	2	erroneous conclusion	erroneous conclusion	83	erroneous conclusion
R_2ARO4v2Lk45N6OG	serious	all of the above	2	erroneous conclusion	erroneous conclusion	83	erroneous conclusion
R_2ARO4v2Lk45N6OG	recurring	all of the above -- mostly time loss	3	time loss	time loss	520	time loss
R_2ARO4v2Lk45N6OG	serious	all of the above	3	time loss	time loss	520	time loss
R_2ARO4v2Lk45N6OG	recurring	all of the above -- mostly time loss	4	frustration	frustration	202	frustration
R_2ARO4v2Lk45N6OG	serious	all of the above	4	frustration	frustration	202	frustration
R_2at1V67diUQvkc1	recurring	time loss	1	time loss	time loss	520	time loss
R_2at1V67diUQvkc1	serious	Unable to use the data	1	Unable to use the data	data loss	15	potential or real project failure or setback
R_2awtub9gT0lm0Nq	recurring	time loss	1	time loss	time loss	520	time loss
R_2awtub9gT0lm0Nq	serious	erroneous conclusion	1	erroneous conclusion	erroneous conclusion	83	erroneous conclusion
R_2ay4ISLXNFlfXiA	recurring	None, I caught the error and fixed it before analyzing the data.	1	None, I caught the error and fixed it before analyzing the data.	none	13	"NA"
R_2ay4ISLXNFlfXiA	serious	NA	1	missing	missing	136	missing
R_2b2hwMGWs1zscoE	recurring	time loss	1	time loss	time loss	520	time loss
R_2b2hwMGWs1zscoE	serious	frustration	1	frustration	frustration	202	frustration
R_2B8trxy4O95LIjg	recurring	time loss	1	time loss	time loss	520	time loss
R_2B8trxy4O95LIjg	serious	time loss	1	time loss	time loss	520	time loss
R_2BbuTGCx18uGQHF	recurring	time loss	1	time loss	time loss	520	time loss
R_2BbuTGCx18uGQHF	serious	NA	1	missing	missing	136	missing
R_2BgSfuqikIO1v0a	recurring	time loss	1	time loss	time loss	520	time loss
R_2BgSfuqikIO1v0a	serious	time loss	1	time loss	time loss	520	time loss
R_2bN2CmBCvy0RUPJ	recurring	erroneous conclusion	1	erroneous conclusion	erroneous conclusion	83	erroneous conclusion
R_2bN2CmBCvy0RUPJ	serious	erroneous conclusion	1	erroneous conclusion	erroneous conclusion	83	erroneous conclusion
R_2bOijjUlRMWYs2t	recurring	time loss	1	time loss	time loss	520	time loss
R_2bOijjUlRMWYs2t	serious	data leakage	1	data leakage	data leakage	1	frustration
R_2bQpSx7HPHcLyoX	recurring	erroneous conclusion	1	erroneous conclusion	erroneous conclusion	83	erroneous conclusion
R_2bQpSx7HPHcLyoX	serious	erroneous conclusion	1	erroneous conclusion	erroneous conclusion	83	erroneous conclusion
R_2coTxGpiZoEAjV9	recurring	time loss	1	time loss	time loss	520	time loss
R_2coTxGpiZoEAjV9	serious	time loss	1	time loss	time loss	520	time loss
R_2cth4XQgNMWuwGv	recurring	time loss	1	time loss	time loss	520	time loss
R_2cth4XQgNMWuwGv	serious	time loss	1	time loss	time loss	520	time loss
R_2cu4Vcaq8fXrGGw	recurring	time loss	1	time loss	time loss	520	time loss
R_2cu4Vcaq8fXrGGw	serious	erroneous conclusion	1	erroneous conclusion	erroneous conclusion	83	erroneous conclusion
R_2czHmrjciqTkBt0	recurring	frustration	1	frustration	frustration	202	frustration
R_2czHmrjciqTkBt0	serious	time loss	1	time loss	time loss	520	time loss
R_2dlHcPXBYfhftFW	recurring	frustration	1	frustration	frustration	202	frustration
R_2dlHcPXBYfhftFW	serious	frustration	1	frustration	frustration	202	frustration
R_2dLSHG3yGKzKecQ	recurring	frustration	1	frustration	frustration	202	frustration
R_2dLSHG3yGKzKecQ	serious	NA	1	missing	missing	136	missing
R_2doLrFMsPU9gioB	recurring	time loss	1	time loss	time loss	520	time loss
R_2doLrFMsPU9gioB	serious	time loss	1	time loss	time loss	520	time loss
R_2dSg2D5VTNB7RVY	recurring	time loss	1	time loss	time loss	520	time loss
R_2dSg2D5VTNB7RVY	serious	erroneous conclusion	1	erroneous conclusion	erroneous conclusion	83	erroneous conclusion
R_2dT8e8Ru3SR801H	recurring	time loss	1	time loss	time loss	520	time loss
R_2dT8e8Ru3SR801H	serious	NA	1	missing	missing	136	missing
R_2duJO8zk4AgeXgg	recurring	both time loss and frustration, but the positive outcome is learning from these mistakes	1	both time loss	time loss	520	time loss
R_2duJO8zk4AgeXgg	serious	frustration, but we learnt from it and I think that making mistakes can be the source of learning in science and everywhere	1	frustration, but we learnt from it and I think that making mistakes can be the source of learning in science and everywhere	frustration	202	frustration
R_2duJO8zk4AgeXgg	recurring	both time loss and frustration, but the positive outcome is learning from these mistakes	2	frustration	frustration	202	frustration
R_2duJO8zk4AgeXgg	recurring	both time loss and frustration, but the positive outcome is learning from these mistakes	3	positive outcome is learning from these mistakes	learning from the mistake	1	"NA"
R_2dvcIJA7IFmsu14	recurring	frustration	1	frustration	frustration	202	frustration
R_2dvcIJA7IFmsu14	serious	time loss	1	time loss	time loss	520	time loss
R_2e295rrs3RwuezQ	recurring	frustration	1	frustration	frustration	202	frustration
R_2e295rrs3RwuezQ	serious	frustration	1	frustration	frustration	202	frustration
R_2E3SqExkJaw5KMM	recurring	time loss	1	time loss	time loss	520	time loss
R_2E3SqExkJaw5KMM	serious	NA	1	missing	missing	136	missing
R_2E6UbxqHIZGHdcc	recurring	time loss	1	time loss	time loss	520	time loss
R_2E6UbxqHIZGHdcc	serious	time loss	1	time loss	time loss	520	time loss
R_2EBoQ5pteGRidTo	recurring	time loss	1	time loss	time loss	520	time loss
R_2EBoQ5pteGRidTo	serious	NA	1	missing	missing	136	missing
R_2EEnIEQa9QlsXtt	recurring	frustration	1	frustration	frustration	202	frustration
R_2EEnIEQa9QlsXtt	serious	ddd	1	ddd	irrelevant content	13	irrelevant content
R_2EggCQnejEtHW3a	recurring	time loss	1	time loss	time loss	520	time loss
R_2EggCQnejEtHW3a	serious	time loss	1	time loss	time loss	520	time loss
R_2EGYmDTj3LV7rUU	recurring	time loss	1	time loss	time loss	520	time loss
R_2EGYmDTj3LV7rUU	serious	time loss	1	time loss	time loss	520	time loss
R_2Ejl6F6HzHMaous	recurring	frustration	1	frustration	frustration	202	frustration
R_2Ejl6F6HzHMaous	serious	none	1	none	none	13	"NA"
R_2eOxrEvCxEutKdg	recurring	time loss	1	time loss	time loss	520	time loss
R_2eOxrEvCxEutKdg	serious	frustration	1	frustration	frustration	202	frustration
R_2eQCIvKgmCxnQis	recurring	time loss	1	time loss	time loss	520	time loss
R_2eQCIvKgmCxnQis	serious	frustration	1	frustration	frustration	202	frustration
R_2EzS06GIwQj0lQn	recurring	time loss	1	time loss	time loss	520	time loss
R_2EzS06GIwQj0lQn	serious	time loss	1	time loss	time loss	520	time loss
R_2f97NKM11tYyR5P	recurring	NA	1	missing	missing	136	missing
R_2f97NKM11tYyR5P	serious	NA	1	missing	missing	136	missing
R_2f9fC66h2IIZs1w	recurring	all of the above (apart from erroneous conclusion, because it was always detected in time)	1	financial loss	financial loss	39	financial lost
R_2f9fC66h2IIZs1w	serious	NA	1	missing	missing	136	missing
R_2f9fC66h2IIZs1w	recurring	all of the above (apart from erroneous conclusion, because it was always detected in time)	2	time loss	time loss	520	time loss
R_2f9fC66h2IIZs1w	recurring	all of the above (apart from erroneous conclusion, because it was always detected in time)	3	frustration	frustration	202	frustration
R_2fg0p9dQFeyFqr6	recurring	time loss	1	time loss	time loss	520	time loss
R_2fg0p9dQFeyFqr6	serious	Significant legal consequences - just avoided	1	Significant legal consequences - just avoided	just avoided legal consequences	1	potential legal charges
R_2fiypF20DbX0IU0	recurring	"both time loss and frustration (this should be ""all that apply"" btw"	1	"both time loss this should be ""all that apply"" btw"	time loss	520	time loss
R_2fiypF20DbX0IU0	serious	frustration	1	frustration	frustration	202	frustration
R_2fiypF20DbX0IU0	recurring	"both time loss and frustration (this should be ""all that apply"" btw"	2	frustration	frustration	202	frustration
R_2OGsptCGC66lVpU	recurring	frustration	1	frustration	frustration	202	frustration
R_2OGsptCGC66lVpU	serious	time loss	1	time loss	time loss	520	time loss
R_2ONZImZtC8mhCrA	recurring	time loss	1	time loss	time loss	520	time loss
R_2ONZImZtC8mhCrA	serious	NA	1	missing	missing	136	missing
R_2OTKjDgl6AvVwvh	recurring	time loss	1	time loss	time loss	520	time loss
R_2OTKjDgl6AvVwvh	serious	time loss	1	time loss	time loss	520	time loss
R_2PchCq8UnKbYzmr	recurring	time loss	1	time loss	time loss	520	time loss
R_2PchCq8UnKbYzmr	serious	NA	1	missing	missing	136	missing
R_2pLz7xMojRnoxaR	recurring	time loss	1	time loss	time loss	520	time loss
R_2pLz7xMojRnoxaR	serious	data loss	1	data loss	data loss	15	potential or real project failure or setback
R_2PnFe0m2znDlqh0	recurring	time loss	1	time loss	time loss	520	time loss
R_2PnFe0m2znDlqh0	serious	Time loss and frustration and financial loss (why do I have to pick only one?)	1	Time loss	time loss	520	time loss
R_2PnFe0m2znDlqh0	serious	Time loss and frustration and financial loss (why do I have to pick only one?)	2	frustration	frustration	202	frustration
R_2PnFe0m2znDlqh0	serious	Time loss and frustration and financial loss (why do I have to pick only one?)	3	financial loss (why do I have to pick only one?)	financial loss	39	financial lost
R_2pXHxkLf2ltxzDW	recurring	time loss	1	time loss	time loss	520	time loss
R_2pXHxkLf2ltxzDW	serious	time loss	1	time loss	time loss	520	time loss
R_2q9Ql7h5CKuPKN0	recurring	frustration	1	frustration	frustration	202	frustration
R_2q9Ql7h5CKuPKN0	serious	NA	1	missing	missing	136	missing
R_2QJpoM0DXM2EnBw	recurring	time loss	1	time loss	time loss	520	time loss
R_2QJpoM0DXM2EnBw	serious	time loss	1	time loss	time loss	520	time loss
R_2QopNHjyyr0Mqmt	recurring	frustration	1	frustration	frustration	202	frustration
R_2QopNHjyyr0Mqmt	serious	limited conclusions that could be reached.	1	limited conclusions that could be reached.	limited conclusions	1	loss of scientific value
R_2QVQCBFhAeeJNZP	recurring	frustration	1	frustration	frustration	202	frustration
R_2QVQCBFhAeeJNZP	serious	time loss	1	time loss	time loss	520	time loss
R_2QXVuTKkK53THL2	recurring	time loss	1	time loss	time loss	520	time loss
R_2QXVuTKkK53THL2	serious	NA	1	missing	missing	136	missing
R_2Qy5UUJfVHXoWZV	recurring	time loss	1	time loss	time loss	520	time loss
R_2Qy5UUJfVHXoWZV	serious	time loss	1	time loss	time loss	520	time loss
R_2rBzqM7U57tGlVk	recurring	hard to replicate findings by othe researchers	1	hard to replicate findings by othe researchers	hard to replicate	1	loss of scientific value
R_2rBzqM7U57tGlVk	serious	financial loss	1	financial loss	financial loss	39	financial lost
R_2roxxflIoGavKkS	recurring	I don't know	1	I don't know	irrelevant content	13	irrelevant content
R_2roxxflIoGavKkS	serious	I don't know	1	I don't know	irrelevant content	13	irrelevant content
R_2RQVxhHSV8Q7y24	recurring	time loss	1	time loss	time loss	520	time loss
R_2RQVxhHSV8Q7y24	serious	time loss	1	time loss	time loss	520	time loss
R_2RVBEeR4DZhBco5	recurring	frustration	1	frustration	frustration	202	frustration
R_2RVBEeR4DZhBco5	serious	frustration	1	frustration	frustration	202	frustration
R_2rwGx3tHGSfKZmT	recurring	erroneous conclusion	1	erroneous conclusion	erroneous conclusion	83	erroneous conclusion
R_2rwGx3tHGSfKZmT	serious	erroneous conclusion	1	erroneous conclusion	erroneous conclusion	83	erroneous conclusion
R_2rZ2DTpbcWFIEhG	recurring	time loss	1	time loss	time loss	520	time loss
R_2rZ2DTpbcWFIEhG	serious	time loss	1	time loss	time loss	520	time loss
R_2s1ktoIv8TbR7va	recurring	time loss	1	time loss	time loss	520	time loss
R_2s1ktoIv8TbR7va	serious	time loss	1	time loss	time loss	520	time loss
R_2S2MjnRg4NsWUiX	recurring	frustration	1	frustration	frustration	202	frustration
R_2S2MjnRg4NsWUiX	serious	frustration	1	frustration	frustration	202	frustration
R_2SBjtXj9EjzI7Sn	recurring	frustration	1	frustration	frustration	202	frustration
R_2SBjtXj9EjzI7Sn	serious	frustration	1	frustration	frustration	202	frustration
R_2SeF9B5dnR5QZ1N	recurring	time loss	1	time loss	time loss	520	time loss
R_2SeF9B5dnR5QZ1N	serious	time loss	1	time loss	time loss	520	time loss
R_2thgLa4jntEMBiq	recurring	time loss and frustration, some financial loss	1	time loss	time loss	520	time loss
R_2thgLa4jntEMBiq	serious	frustration and time loss	1	frustration	frustration	202	frustration
R_2thgLa4jntEMBiq	recurring	time loss and frustration, some financial loss	2	frustration	frustration	202	frustration
R_2thgLa4jntEMBiq	serious	frustration and time loss	2	time loss	time loss	520	time loss
R_2thgLa4jntEMBiq	recurring	time loss and frustration, some financial loss	3	some financial loss	financial loss	39	financial lost
R_2tiiMYZYEfHjyYN	recurring	Data loss (i.e., we lost some participants)	1	Data loss (i.e., we lost some participants)	data loss	15	potential or real project failure or setback
R_2tiiMYZYEfHjyYN	serious	Data loss (i.e., I essentially deleted a raw data file by overwriting it)	1	Data loss (i.e., I essentially deleted a raw data file by overwriting it)	data loss	15	potential or real project failure or setback
R_2tLFnGE5wJ0UxSs	recurring	time loss	1	time loss	time loss	520	time loss
R_2tLFnGE5wJ0UxSs	serious	time loss	1	time loss	time loss	520	time loss
R_2tM3kyffGsiC0lA	recurring	NA	1	missing	missing	136	missing
R_2tM3kyffGsiC0lA	serious	NA	1	missing	missing	136	missing
R_2TRUjQ7kYqmtIno	recurring	time loss	1	time loss	time loss	520	time loss
R_2TRUjQ7kYqmtIno	serious	time loss	1	time loss	time loss	520	time loss
R_2TzanZPigM2xVuV	recurring	time loss	1	time loss	time loss	520	time loss
R_2TzanZPigM2xVuV	serious	NA	1	missing	missing	136	missing
R_2U0jyqZlTh8B9Kk	recurring	time loss	1	time loss	time loss	520	time loss
R_2U0jyqZlTh8B9Kk	serious	Had to correct it in the revision of the ms.	1	Had to correct it in the revision of the ms.	insufficient information	5	insufficient information
R_2U4pgn1GCmJuGaU	recurring	time loss	1	time loss	time loss	520	time loss
R_2U4pgn1GCmJuGaU	serious	time loss	1	time loss	time loss	520	time loss
R_2U5GjHtbKZYkmMX	recurring	temporary publication of online data with identifiers	1	temporary publication of online data with identifiers	sharing participants personal information	2	potential legal charges
R_2U5GjHtbKZYkmMX	serious	time loss	1	time loss	time loss	520	time loss
R_2U9jvXCLvYdgF4v	recurring	time loss	1	time loss	time loss	520	time loss
R_2U9jvXCLvYdgF4v	serious	time loss	1	time loss	time loss	520	time loss
R_2uCVsIhbczMricX	recurring	financial loss	1	financial loss	financial loss	39	financial lost
R_2uCVsIhbczMricX	serious	NA	1	missing	missing	136	missing
R_2uHSLuGwWn8PInP	recurring	time loss	1	time loss	time loss	520	time loss
R_2uHSLuGwWn8PInP	serious	NA	1	missing	missing	136	missing
R_2uQIn0onTQYseK1	recurring	time loss	1	time loss	time loss	520	time loss
R_2uQIn0onTQYseK1	serious	time loss	1	time loss	time loss	520	time loss
R_2us0vBwhzkTkLir	recurring	time loss	1	time loss	time loss	520	time loss
R_2us0vBwhzkTkLir	serious	time loss	1	time loss	time loss	520	time loss
R_2V85hhvhCukcKS9	recurring	time loss	1	time loss	time loss	520	time loss
R_2V85hhvhCukcKS9	serious	NA	1	missing	missing	136	missing
R_2v92FujMnTNUKtU	recurring	time loss	1	time loss	time loss	520	time loss
R_2v92FujMnTNUKtU	serious	time loss	1	time loss	time loss	520	time loss
R_2Ve7LLcoPdCtYvA	recurring	time loss	1	time loss	time loss	520	time loss
R_2Ve7LLcoPdCtYvA	serious	time loss	1	time loss	time loss	520	time loss
R_2VEKMPKkOYROq4e	recurring	time loss	1	time loss	time loss	520	time loss
R_2VEKMPKkOYROq4e	serious	time loss	1	time loss	time loss	520	time loss
R_2VmBlknbIlY3gij	recurring	time loss	1	time loss	time loss	520	time loss
R_2VmBlknbIlY3gij	serious	frustration	1	frustration	frustration	202	frustration
R_2VmXtXlfGpTVyxw	recurring	time loss	1	time loss	time loss	520	time loss
R_2VmXtXlfGpTVyxw	serious	time loss	1	time loss	time loss	520	time loss
R_2VpQNBQ0y3Xk4v1	recurring	time loss	1	time loss	time loss	520	time loss
R_2VpQNBQ0y3Xk4v1	serious	Data loss	1	Data loss	data loss	15	potential or real project failure or setback
R_2VQJaAMQ7x7b0Vc	recurring	time loss	1	time loss	time loss	520	time loss
R_2VQJaAMQ7x7b0Vc	serious	time loss	1	time loss	time loss	520	time loss
R_2VqpVBYSI1pLkvH	recurring	time loss	1	time loss	time loss	520	time loss
R_2VqpVBYSI1pLkvH	serious	NA	1	missing	missing	136	missing
R_2vZVaf4kmem95MD	recurring	Missing data	1	Missing data	data loss	15	potential or real project failure or setback
R_2vZVaf4kmem95MD	serious	NA	1	missing	missing	136	missing
R_2wBKpgElsyjBV0b	recurring	frustration	1	frustration	frustration	202	frustration
R_2wBKpgElsyjBV0b	serious	time loss	1	time loss	time loss	520	time loss
R_2WCr8uf7CKPkEXG	recurring	? I need to choose 2 options: Time loss and frustration	1	Time loss	time loss	520	time loss
R_2WCr8uf7CKPkEXG	serious	? I need to choose 2 options: Time loss and frustration	1	? I need to choose 2 options: Time loss	time loss	520	time loss
R_2WCr8uf7CKPkEXG	recurring	? I need to choose 2 options: Time loss and frustration	2	frustration	frustration	202	frustration
R_2WCr8uf7CKPkEXG	serious	? I need to choose 2 options: Time loss and frustration	2	frustration	frustration	202	frustration
R_2WGQonc2eGviLKq	recurring	time loss	1	time loss	time loss	520	time loss
R_2WGQonc2eGviLKq	serious	time loss	1	time loss	time loss	520	time loss
R_2WJC3PKuf5TvxjC	recurring	NA	1	missing	missing	136	missing
R_2WJC3PKuf5TvxjC	serious	NA	1	missing	missing	136	missing
R_2wMmMiikRn9F6qX	recurring	erroneous conclusion	1	erroneous conclusion	erroneous conclusion	83	erroneous conclusion
R_2wMmMiikRn9F6qX	serious	not able to run certain analyses	1	not able to run certain analyses	inability to complete the analysis	2	potential or real project failure or setback
R_2wu8pRf0QuCSjtC	recurring	NA	1	missing	missing	136	missing
R_2wu8pRf0QuCSjtC	serious	mild embarrassment	1	mild embarrassment	embarrassment	3	frustration
R_2WVyCoeuAAHCNin	recurring	frustration	1	frustration	frustration	202	frustration
R_2WVyCoeuAAHCNin	serious	frustration	1	frustration	frustration	202	frustration
R_2Wxs9NL5pTh2Ko0	recurring	frustration	1	frustration	frustration	202	frustration
R_2Wxs9NL5pTh2Ko0	serious	time loss	1	time loss	time loss	520	time loss
R_2XbwfGL9OmGNpNx	recurring	time loss	1	time loss	time loss	520	time loss
R_2XbwfGL9OmGNpNx	serious	NA	1	missing	missing	136	missing
R_2xEjkBHMLVAdlpz	recurring	time loss	1	time loss	time loss	520	time loss
R_2xEjkBHMLVAdlpz	serious	time loss	1	time loss	time loss	520	time loss
R_2XhPhn1YeASQHAr	recurring	time loss	1	time loss	time loss	520	time loss
R_2XhPhn1YeASQHAr	serious	NA	1	missing	missing	136	missing
R_2XhZupfT3JtBBeo	recurring	time loss	1	time loss	time loss	520	time loss
R_2XhZupfT3JtBBeo	serious	time loss	1	time loss	time loss	520	time loss
R_2xKa98jPFbLuzjs	recurring	frustration	1	frustration	frustration	202	frustration
R_2xKa98jPFbLuzjs	serious	NA	1	missing	missing	136	missing
R_2xWedLepVORUb2s	recurring	time loss and frustration	1	time loss	time loss	520	time loss
R_2xWedLepVORUb2s	serious	Time loss and frustration	1	Time loss	time loss	520	time loss
R_2xWedLepVORUb2s	recurring	time loss and frustration	2	frustration	frustration	202	frustration
R_2xWedLepVORUb2s	serious	Time loss and frustration	2	frustration	frustration	202	frustration
R_2xYjxG2sdLotM8Q	recurring	time loss	1	time loss	time loss	520	time loss
R_2xYjxG2sdLotM8Q	serious	time loss	1	time loss	time loss	520	time loss
R_2Y4AUWvkpjNoWMj	recurring	time loss	1	time loss	time loss	520	time loss
R_2Y4AUWvkpjNoWMj	serious	time loss	1	time loss	time loss	520	time loss
R_2YeLYCNeAEarPbX	recurring	all of them	1	financial loss	financial loss	39	financial lost
R_2YeLYCNeAEarPbX	recurring	all of them	2	erroneous conclusion	erroneous conclusion	83	erroneous conclusion
R_2YeLYCNeAEarPbX	recurring	all of them	3	time loss	time loss	520	time loss
R_2YeLYCNeAEarPbX	recurring	all of them	4	frustration	frustration	202	frustration
R_2YeLYCNeAEarPbX	serious	all!	1	financial loss	financial loss	39	financial lost
R_2YeLYCNeAEarPbX	serious	all!	2	erroneous conclusion	erroneous conclusion	83	erroneous conclusion
R_2YeLYCNeAEarPbX	serious	all!	3	time loss	time loss	520	time loss
R_2YeLYCNeAEarPbX	serious	all!	4	frustration	frustration	202	frustration
R_2yfG7EjmzWsyWxx	recurring	time loss	1	time loss	time loss	520	time loss
R_2yfG7EjmzWsyWxx	serious	time loss	1	time loss	time loss	520	time loss
R_2yfNEamm9FvTD4O	recurring	time loss	1	time loss	time loss	520	time loss
R_2yfNEamm9FvTD4O	serious	time loss	1	time loss	time loss	520	time loss
R_2yg8jYMAU5WqMfg	recurring	time loss	1	time loss	time loss	520	time loss
R_2yg8jYMAU5WqMfg	serious	time loss	1	time loss	time loss	520	time loss
R_2YKRrPH6SwOg1i9	recurring	time loss	1	time loss	time loss	520	time loss
R_2YKRrPH6SwOg1i9	serious	erroneous conclusion	1	erroneous conclusion	erroneous conclusion	83	erroneous conclusion
R_2YQViBTzxB4Z58d	recurring	time loss	1	time loss	time loss	520	time loss
R_2YQViBTzxB4Z58d	serious	time loss	1	time loss	time loss	520	time loss
R_2Yrmw7uMu8U6eEA	recurring	time loss	1	time loss	time loss	520	time loss
R_2Yrmw7uMu8U6eEA	serious	time loss	1	time loss	time loss	520	time loss
R_2YrWWMvbQaoXT8U	recurring	time loss	1	time loss	time loss	520	time loss
R_2YrWWMvbQaoXT8U	serious	n/a	1	n/a	irrelevant content	13	irrelevant content
R_2YSaYiPeTrGttp8	recurring	time loss	1	time loss	time loss	520	time loss
R_2YSaYiPeTrGttp8	serious	time loss	1	time loss	time loss	520	time loss
R_2zHk3lrt2viQjzY	recurring	time loss	1	time loss	time loss	520	time loss
R_2zHk3lrt2viQjzY	serious	time loss	1	time loss	time loss	520	time loss
R_2zjVTdbw0kClOqk	recurring	time loss	1	time loss	time loss	520	time loss
R_2zjVTdbw0kClOqk	serious	NA	1	missing	missing	136	missing
R_2ZKX9MFhEoJ5EsP	recurring	time loss	1	time loss	time loss	520	time loss
R_2ZKX9MFhEoJ5EsP	serious	NA	1	missing	missing	136	missing
R_302hgWPu7XX10Ur	recurring	time loss	1	time loss	time loss	520	time loss
R_302hgWPu7XX10Ur	serious	time loss	1	time loss	time loss	520	time loss
R_30iBM9IxcA9r8sY	recurring	time loss	1	time loss	time loss	520	time loss
R_30iBM9IxcA9r8sY	serious	NA	1	missing	missing	136	missing
R_30oeLXyDGAJEwhS	recurring	time loss	1	time loss	time loss	520	time loss
R_30oeLXyDGAJEwhS	serious	erroneous conclusion	1	erroneous conclusion	erroneous conclusion	83	erroneous conclusion
R_30qQDg8DretpwYi	recurring	time loss	1	time loss	time loss	520	time loss
R_30qQDg8DretpwYi	serious	time loss	1	time loss	time loss	520	time loss
R_31cTpd46NEwANvI	recurring	time loss	1	time loss	time loss	520	time loss
R_31cTpd46NEwANvI	serious	time loss	1	time loss	time loss	520	time loss
R_31N0JcnckZmHXuH	recurring	time loss	1	time loss	time loss	520	time loss
R_31N0JcnckZmHXuH	serious	erroneous conclusion	1	erroneous conclusion	erroneous conclusion	83	erroneous conclusion
R_31oXJfKSNMz4pNg	recurring	erroneous conclusion	1	erroneous conclusion	erroneous conclusion	83	erroneous conclusion
R_31oXJfKSNMz4pNg	serious	erroneous conclusion	1	erroneous conclusion	erroneous conclusion	83	erroneous conclusion
R_31XxYTrGO7hkkqE	recurring	NA	1	missing	missing	136	missing
R_31XxYTrGO7hkkqE	serious	NA	1	missing	missing	136	missing
R_339EykMm32hLYqR	recurring	time loss and frustration	1	time loss	time loss	520	time loss
R_339EykMm32hLYqR	serious	time loss, frustration, setbacks	1	time loss	time loss	520	time loss
R_339EykMm32hLYqR	recurring	time loss and frustration	2	frustration	frustration	202	frustration
R_339EykMm32hLYqR	serious	time loss, frustration, setbacks	2	frustration	frustration	202	frustration
R_339EykMm32hLYqR	serious	time loss, frustration, setbacks	3	setbacks	setbacks	1	potential or real project failure or setback
R_339JiVn0BrXV8jw	recurring	time loss	1	time loss	time loss	520	time loss
R_339JiVn0BrXV8jw	serious	time loss	1	time loss	time loss	520	time loss
R_33lN4aBOD0tfqwg	recurring	time loss	1	time loss	time loss	520	time loss
R_33lN4aBOD0tfqwg	serious	time loss	1	time loss	time loss	520	time loss
R_33qjViTvNv9H48m	recurring	time loss	1	time loss	time loss	520	time loss
R_33qjViTvNv9H48m	serious	frustration	1	frustration	frustration	202	frustration
R_38UJ0Ze2LPz2C1b	recurring	time loss	1	time loss	time loss	520	time loss
R_38UJ0Ze2LPz2C1b	serious	time loss	1	time loss	time loss	520	time loss
R_3CWadSWEbwUhhrs	recurring	time loss	1	time loss	time loss	520	time loss
R_3CWadSWEbwUhhrs	serious	time loss	1	time loss	time loss	520	time loss
R_3D85dU8d9bWZJPh	recurring	frustration	1	frustration	frustration	202	frustration
R_3D85dU8d9bWZJPh	serious	and frustration	1	and frustration	frustration	202	frustration
R_3dGuyqX1cMJFz7i	recurring	time loss	1	time loss	time loss	520	time loss
R_3dGuyqX1cMJFz7i	serious	NA	1	missing	missing	136	missing
R_3DjBdzkuQENmiq9	recurring	frustration	1	frustration	frustration	202	frustration
R_3DjBdzkuQENmiq9	serious	time loss	1	time loss	time loss	520	time loss
R_3dMrKvR94hccB6c	recurring	financial and time loss	1	financial loss	financial loss	39	financial lost
R_3dMrKvR94hccB6c	serious	financial and time loss	1	financial loss	financial loss	39	financial lost
R_3dMrKvR94hccB6c	recurring	financial and time loss	2	time loss	time loss	520	time loss
R_3dMrKvR94hccB6c	serious	financial and time loss	2	time loss	time loss	520	time loss
R_3ej0du4jNp47nCF	recurring	time loss	1	time loss	time loss	520	time loss
R_3ej0du4jNp47nCF	serious	frustration	1	frustration	frustration	202	frustration
R_3EJQO3OBaZ6CZKY	recurring	time loss	1	time loss	time loss	520	time loss
R_3EJQO3OBaZ6CZKY	serious	time loss	1	time loss	time loss	520	time loss
R_3EK0TrKycm0yB5b	recurring	time loss	1	time loss	time loss	520	time loss
R_3EK0TrKycm0yB5b	serious	NA	1	missing	missing	136	missing
R_3EKfYkim9TNrorw	recurring	time loss	1	time loss	time loss	520	time loss
R_3EKfYkim9TNrorw	serious	NA	1	missing	missing	136	missing
R_3EKM0va9ntRVGxm	recurring	time loss	1	time loss	time loss	520	time loss
R_3EKM0va9ntRVGxm	serious	erroneous conclusion	1	erroneous conclusion	erroneous conclusion	83	erroneous conclusion
R_3Eo3YsFvO2vplXR	recurring	time loss	1	time loss	time loss	520	time loss
R_3Eo3YsFvO2vplXR	serious	time loss	1	time loss	time loss	520	time loss
R_3EupOPAfblnLBPk	recurring	time loss	1	time loss	time loss	520	time loss
R_3EupOPAfblnLBPk	serious	time loss	1	time loss	time loss	520	time loss
R_3fAULoP2522oOyB	recurring	time loss	1	time loss	time loss	520	time loss
R_3fAULoP2522oOyB	serious	time loss	1	time loss	time loss	520	time loss
R_3fAw2UE7epkUpRF	recurring	frustration	1	frustration	frustration	202	frustration
R_3fAw2UE7epkUpRF	serious	time loss	1	time loss	time loss	520	time loss
R_3fHPNDhuPCvBI5t	recurring	time loss	1	time loss	time loss	520	time loss
R_3fHPNDhuPCvBI5t	serious	time loss	1	time loss	time loss	520	time loss
R_3fjxxi7YlurfKXO	recurring	time loss	1	time loss	time loss	520	time loss
R_3fjxxi7YlurfKXO	serious	frustration	1	frustration	frustration	202	frustration
R_3foClSs4q55ssEp	recurring	Time loss only because the lab has other back-ups for data integrity. But creating a deep sense of unease about whether there is sufficient r spect for data integrity to ferret out other potential problems that may remain undetected by us.	1	Time loss only because the lab has other back-ups for data integrity.	time loss	520	time loss
R_3foClSs4q55ssEp	recurring	Time loss only because the lab has other back-ups for data integrity. But creating a deep sense of unease about whether there is sufficient r spect for data integrity to ferret out other potential problems that may remain undetected by us.	2	But creating a deep sense of unease about whether there is sufficient r spect for data integrity to ferret out other potential problems that may remain undetected by us.	frustration	202	frustration
R_3foClSs4q55ssEp	serious	time loss	1	time loss	time loss	520	time loss
R_3fPi4q2MtOopLwb	recurring	time loss	1	time loss	time loss	520	time loss
R_3fPi4q2MtOopLwb	serious	time loss	1	time loss	time loss	520	time loss
R_3FPW5UUfKKmHIzM	recurring	time loss	1	time loss	time loss	520	time loss
R_3FPW5UUfKKmHIzM	serious	time loss	1	time loss	time loss	520	time loss
R_3fuztQ0HcuQmyVK	recurring	All	1	financial loss	financial loss	39	financial lost
R_3fuztQ0HcuQmyVK	serious	All	1	financial loss	financial loss	39	financial lost
R_3fuztQ0HcuQmyVK	recurring	All	2	erroneous conclusion	erroneous conclusion	83	erroneous conclusion
R_3fuztQ0HcuQmyVK	serious	All	2	erroneous conclusion	erroneous conclusion	83	erroneous conclusion
R_3fuztQ0HcuQmyVK	recurring	All	3	time loss	time loss	520	time loss
R_3fuztQ0HcuQmyVK	serious	All	3	time loss	time loss	520	time loss
R_3fuztQ0HcuQmyVK	recurring	All	4	frustration	frustration	202	frustration
R_3fuztQ0HcuQmyVK	serious	All	4	frustration	frustration	202	frustration
R_3fW2vvpojJLV3ZS	recurring	time loss	1	time loss	time loss	520	time loss
R_3fW2vvpojJLV3ZS	serious	frustration	1	frustration	frustration	202	frustration
R_3G7c4213rSP4bPF	recurring	time loss	1	time loss	time loss	520	time loss
R_3G7c4213rSP4bPF	serious	time loss	1	time loss	time loss	520	time loss
R_3Gs4GQj61sS2krY	recurring	time loss	1	time loss	time loss	520	time loss
R_3Gs4GQj61sS2krY	serious	erroneous conclusion	1	erroneous conclusion	erroneous conclusion	83	erroneous conclusion
R_3gTq4TA8Trl2ZHf	recurring	time loss	1	time loss	time loss	520	time loss
R_3gTq4TA8Trl2ZHf	serious	erroneous conclusion	1	erroneous conclusion	erroneous conclusion	83	erroneous conclusion
R_3gYOmNFTOaQXpvg	recurring	time loss	1	time loss	time loss	520	time loss
R_3gYOmNFTOaQXpvg	serious	All of the above, plus loss of client's trust in the team's ability to produce a high-quality product	1	financial loss	financial loss	39	financial lost
R_3gYOmNFTOaQXpvg	serious	All of the above, plus loss of client's trust in the team's ability to produce a high-quality product	2	erroneous conclusion	erroneous conclusion	83	erroneous conclusion
R_3gYOmNFTOaQXpvg	serious	All of the above, plus loss of client's trust in the team's ability to produce a high-quality product	3	time loss	time loss	520	time loss
R_3gYOmNFTOaQXpvg	serious	All of the above, plus loss of client's trust in the team's ability to produce a high-quality product	4	frustration	frustration	202	frustration
R_3gYOmNFTOaQXpvg	serious	All of the above, plus loss of client's trust in the team's ability to produce a high-quality product	5	loss of client's trust in the team's ability to produce a high-quality product	loss of trust	1	loss of scientific value
R_3gYp4TFBsLfhLvH	recurring	frustration	1	frustration	frustration	202	frustration
R_3gYp4TFBsLfhLvH	serious	NA	1	missing	missing	136	missing
R_3hgej8gmajD0d9j	recurring	'+ erroneous conclusions + frustrations	1	erroneous conclusions	erroneous conclusion	83	erroneous conclusion
R_3hgej8gmajD0d9j	serious	NA	1	missing	missing	136	missing
R_3hgej8gmajD0d9j	recurring	'+ erroneous conclusions + frustrations	2	frustrations	frustration	202	frustration
R_3hhX5mXtAv6AIHA	recurring	time loss	1	time loss	time loss	520	time loss
R_3hhX5mXtAv6AIHA	serious	time loss	1	time loss	time loss	520	time loss
R_3hngidIEckW7lKF	recurring	time loss	1	time loss	time loss	520	time loss
R_3hngidIEckW7lKF	serious	time loss	1	time loss	time loss	520	time loss
R_3HnSEV00T3RGWzi	recurring	time loss	1	time loss	time loss	520	time loss
R_3HnSEV00T3RGWzi	serious	time loss	1	time loss	time loss	520	time loss
R_3HOJBmqA8Qj5Vik	recurring	Unnecessary data loss	1	Unnecessary data loss	data loss	15	potential or real project failure or setback
R_3HOJBmqA8Qj5Vik	serious	NA	1	missing	missing	136	missing
R_3HtqACEHt1G9A41	recurring	time loss	1	time loss	time loss	520	time loss
R_3HtqACEHt1G9A41	serious	time loss	1	time loss	time loss	520	time loss
R_3hyCgqMpettYA1x	recurring	time loss	1	time loss	time loss	520	time loss
R_3hyCgqMpettYA1x	serious	financial loss	1	financial loss	financial loss	39	financial lost
R_3iIFj59dgB5EXPO	recurring	frustration	1	frustration	frustration	202	frustration
R_3iIFj59dgB5EXPO	serious	time loss	1	time loss	time loss	520	time loss
R_3iqkqyCtuHBhFsN	recurring	time loss	1	time loss	time loss	520	time loss
R_3iqkqyCtuHBhFsN	serious	time loss	1	time loss	time loss	520	time loss
R_3IT6ZXx2MztRRGc	recurring	time loss	1	time loss	time loss	520	time loss
R_3IT6ZXx2MztRRGc	serious	time loss	1	time loss	time loss	520	time loss
R_3j27GQZJCc95DpV	recurring	time loss	1	time loss	time loss	520	time loss
R_3j27GQZJCc95DpV	serious	time loss	1	time loss	time loss	520	time loss
R_3J4c4rpnbPrwloU	recurring	frustration	1	frustration	frustration	202	frustration
R_3J4c4rpnbPrwloU	serious	NA	1	missing	missing	136	missing
R_3jeZvxEXWjMiPoU	recurring	time loss	1	time loss	time loss	520	time loss
R_3jeZvxEXWjMiPoU	serious	time loss	1	time loss	time loss	520	time loss
R_3jfk9WUBB1C9rE0	recurring	erroneous conclusion	1	erroneous conclusion	erroneous conclusion	83	erroneous conclusion
R_3jfk9WUBB1C9rE0	serious	time loss	1	time loss	time loss	520	time loss
R_3JgdVz92UzIXsDf	recurring	time loss and frustration	1	time loss	time loss	520	time loss
R_3JgdVz92UzIXsDf	serious	time loss and frustration	1	time loss	time loss	520	time loss
R_3JgdVz92UzIXsDf	recurring	time loss and frustration	2	frustration	frustration	202	frustration
R_3JgdVz92UzIXsDf	serious	time loss and frustration	2	frustration	frustration	202	frustration
R_3jZ1VC6ejnLzmYa	recurring	Data loss - had to discard the sample	1	Data loss - had to discard the sample	data loss	15	potential or real project failure or setback
R_3jZ1VC6ejnLzmYa	serious	erroneous conclusion	1	erroneous conclusion	erroneous conclusion	83	erroneous conclusion
R_3kBPKtkLfMFdp7R	recurring	Assuming random errors, probably not erroneous conclusions	1	Assuming random errors, probably not erroneous conclusions	insufficient information	5	insufficient information
R_3kBPKtkLfMFdp7R	serious	frustration	1	frustration	frustration	202	frustration
R_3KGCgGY4I8KXp24	recurring	time loss	1	time loss	time loss	520	time loss
R_3KGCgGY4I8KXp24	serious	time loss	1	time loss	time loss	520	time loss
R_3kGGCsyUfakWVUl	recurring	frustration	1	frustration	frustration	202	frustration
R_3kGGCsyUfakWVUl	serious	NA	1	missing	missing	136	missing
R_3KJ9fDQ34vAsAxJ	recurring	frustration	1	frustration	frustration	202	frustration
R_3KJ9fDQ34vAsAxJ	serious	We had to change a paper at the page-proof stage	1	We had to change a paper at the page-proof stage	last minute changing the manuscript	1	frustration
R_3kjMa6nu9SI2Zxt	recurring	time loss	1	time loss	time loss	520	time loss
R_3kjMa6nu9SI2Zxt	serious	time loss	1	time loss	time loss	520	time loss
R_3KK0Lq3IYGIcJXW	recurring	time loss	1	time loss	time loss	520	time loss
R_3KK0Lq3IYGIcJXW	serious	frustration	1	frustration	frustration	202	frustration
R_3kwgl80bqny911T	recurring	NA	1	missing	missing	136	missing
R_3kwgl80bqny911T	serious	NA	1	missing	missing	136	missing
R_3L6niGuAekVeaXx	recurring	all of this can happen if no one checks-finds it. in ours mainly time loss due to some smart people finding it just before article publication	1	all of this can happen if no one checks-finds it. in ours mainly time loss due to some smart people finding it just before article publication	time loss	520	time loss
R_3L6niGuAekVeaXx	serious	time loss	1	time loss	time loss	520	time loss
R_3lFbOeEkr2aGW1f	recurring	& frustration	1	& frustration	frustration	202	frustration
R_3lFbOeEkr2aGW1f	serious	& frustration	1	& frustration	frustration	202	frustration
R_3lKPtjrvge3kjlW	recurring	financial and time loss, frustration	1	financial	financial loss	39	financial lost
R_3lKPtjrvge3kjlW	serious	NA	1	missing	missing	136	missing
R_3lKPtjrvge3kjlW	recurring	financial and time loss, frustration	2	time loss	time loss	520	time loss
R_3lKPtjrvge3kjlW	recurring	financial and time loss, frustration	3	frustration	frustration	202	frustration
R_3lMjXKnwsOJomFW	recurring	time loss	1	time loss	time loss	520	time loss
R_3lMjXKnwsOJomFW	serious	time loss	1	time loss	time loss	520	time loss
R_3lMoowEYi5yWYMA	recurring	And of course erroneous conclusion and gime less, as well as frustration, too. We had to pull back our submission, rework it, and resubmit it.	1	And of course erroneous conclusion. We had to pull back our submission, rework it, and resubmit it.	erroneous conclusion	83	erroneous conclusion
R_3lMoowEYi5yWYMA	serious	I described this earlier, too.	1	I described this earlier, too.	see above	4	see above
R_3lMoowEYi5yWYMA	recurring	And of course erroneous conclusion and gime less, as well as frustration, too. We had to pull back our submission, rework it, and resubmit it.	2	gime less, as well as frustration, too	frustration	202	frustration
R_3lQFyqvkeqxEGrv	recurring	time loss	1	time loss	time loss	520	time loss
R_3lQFyqvkeqxEGrv	serious	time loss	1	time loss	time loss	520	time loss
R_3lrEYOs4D0F0s0k	recurring	erroneous conclusion	1	erroneous conclusion	erroneous conclusion	83	erroneous conclusion
R_3lrEYOs4D0F0s0k	serious	frustration	1	frustration	frustration	202	frustration
R_3M0uW4vbFXE4kvx	recurring	time loss	1	time loss	time loss	520	time loss
R_3M0uW4vbFXE4kvx	serious	NA	1	missing	missing	136	missing
R_3MJUSLr2OcEQ11l	recurring	NA	1	missing	missing	136	missing
R_3MJUSLr2OcEQ11l	serious	NA	1	missing	missing	136	missing
R_3MrPmrUA0iU0QKQ	recurring	NA	1	missing	missing	136	missing
R_3MrPmrUA0iU0QKQ	serious	NA	1	missing	missing	136	missing
R_3MxiNSZMv5T1z4X	recurring	frustration	1	frustration	frustration	202	frustration
R_3MxiNSZMv5T1z4X	serious	frustration	1	frustration	frustration	202	frustration
R_3MxuXev3SJ36Py0	recurring	frustration and time loss	1	frustration	frustration	202	frustration
R_3MxuXev3SJ36Py0	serious	NA	1	missing	missing	136	missing
R_3MxuXev3SJ36Py0	recurring	frustration and time loss	2	time loss	time loss	520	time loss
R_3n5YF1P3zkjw6mc	recurring	time loss	1	time loss	time loss	520	time loss
R_3n5YF1P3zkjw6mc	serious	time loss	1	time loss	time loss	520	time loss
R_3NDG6QfrooWuJHa	recurring	frustration	1	frustration	frustration	202	frustration
R_3NDG6QfrooWuJHa	serious	time loss	1	time loss	time loss	520	time loss
R_3NQyiNXjL1vSMQs	recurring	time loss	1	time loss	time loss	520	time loss
R_3NQyiNXjL1vSMQs	serious	time loss	1	time loss	time loss	520	time loss
R_3ObQwLaOYCfdTA5	recurring	erroneous conclusion	1	erroneous conclusion	erroneous conclusion	83	erroneous conclusion
R_3ObQwLaOYCfdTA5	serious	time loss	1	time loss	time loss	520	time loss
R_3PbElbVvAPqPtkC	recurring	time loss	1	time loss	time loss	520	time loss
R_3PbElbVvAPqPtkC	serious	NA	1	missing	missing	136	missing
R_3pgaQNfj5tISZ0r	recurring	time loss	1	time loss	time loss	520	time loss
R_3pgaQNfj5tISZ0r	serious	frustration	1	frustration	frustration	202	frustration
R_3PHKJQqRQle1gb0	recurring	Time loss as data were reanalyzed to provide correct information	1	Time loss as data were reanalyzed to provide correct information	time loss	520	time loss
R_3PHKJQqRQle1gb0	serious	see above	1	see above	see above	4	see above
R_3PHWLvpIcXFFKwW	recurring	time loss	1	time loss	time loss	520	time loss
R_3PHWLvpIcXFFKwW	serious	time loss	1	time loss	time loss	520	time loss
R_3Pntu1ocvaXxAON	recurring	frustration	1	frustration	frustration	202	frustration
R_3Pntu1ocvaXxAON	serious	NA	1	missing	missing	136	missing
R_3Pp3aZ3NKVDVBPb	recurring	time loss	1	time loss	time loss	520	time loss
R_3Pp3aZ3NKVDVBPb	serious	NA	1	missing	missing	136	missing
R_3PpfaE6kx9z6Gdn	recurring	None	1	None	none	13	"NA"
R_3PpfaE6kx9z6Gdn	serious	None	1	None	none	13	"NA"
R_3Pq7FOazfc0hLft	recurring	time loss	1	time loss	time loss	520	time loss
R_3Pq7FOazfc0hLft	serious	NA	1	missing	missing	136	missing
R_3PYR1LMIJhMu0dH	recurring	Time loss AND frustration	1	Time loss	time loss	520	time loss
R_3PYR1LMIJhMu0dH	serious	Time loss AND frustration	1	Time loss	time loss	520	time loss
R_3PYR1LMIJhMu0dH	recurring	Time loss AND frustration	2	frustration	frustration	202	frustration
R_3PYR1LMIJhMu0dH	serious	Time loss AND frustration	2	frustration	frustration	202	frustration
R_3q9lNyzTYS3Wwfu	recurring	time loss	1	time loss	time loss	520	time loss
R_3q9lNyzTYS3Wwfu	serious	data became mostly useless	1	data became mostly useless	unusable data	4	potential or real project failure or setback
R_3qlduMb6TmuzWVI	recurring	NA	1	missing	missing	136	missing
R_3qlduMb6TmuzWVI	serious	NA	1	missing	missing	136	missing
R_3qlI1oXGPLbeopZ	recurring	time loss	1	time loss	time loss	520	time loss
R_3qlI1oXGPLbeopZ	serious	The data from this error has not been analyzed, but it will take time and, perhaps, cause frustration while we work out how to resolve the issue.	1	The data from this error has not been analyzed	data loss	15	potential or real project failure or setback
R_3qlI1oXGPLbeopZ	serious	The data from this error has not been analyzed, but it will take time and, perhaps, cause frustration while we work out how to resolve the issue.	2	but it will take time	time loss	520	time loss
R_3qlI1oXGPLbeopZ	serious	The data from this error has not been analyzed, but it will take time and, perhaps, cause frustration while we work out how to resolve the issue.	3	perhaps, cause frustration while we work out how to resolve the issue.	frustration	202	frustration
R_3qr2ZreTjyLiVlU	recurring	frustration	1	frustration	frustration	202	frustration
R_3qr2ZreTjyLiVlU	serious	NA	1	missing	missing	136	missing
R_3qR5qywuGiliJsm	recurring	time loss	1	time loss	time loss	520	time loss
R_3qR5qywuGiliJsm	serious	financial loss	1	financial loss	financial loss	39	financial lost
R_3qvvLPHkBxw52vg	recurring	time loss	1	time loss	time loss	520	time loss
R_3qvvLPHkBxw52vg	serious	time loss	1	time loss	time loss	520	time loss
R_3R4baXz3l9QdAPM	recurring	erroneous conclusion	1	erroneous conclusion	erroneous conclusion	83	erroneous conclusion
R_3R4baXz3l9QdAPM	serious	erroneous conclusion	1	erroneous conclusion	erroneous conclusion	83	erroneous conclusion
R_3rJuaVQjfJOizzO	recurring	time loss	1	time loss	time loss	520	time loss
R_3rJuaVQjfJOizzO	serious	financial loss	1	financial loss	financial loss	39	financial lost
R_3RlLuQSE5pu1tb0	recurring	time loss	1	time loss	time loss	520	time loss
R_3RlLuQSE5pu1tb0	serious	frustration	1	frustration	frustration	202	frustration
R_3rZAis4XlhhtCIC	recurring	erroneous conclusion	1	erroneous conclusion	erroneous conclusion	83	erroneous conclusion
R_3rZAis4XlhhtCIC	serious	time loss	1	time loss	time loss	520	time loss
R_3s5IM3bGbNtc4XU	recurring	time loss	1	time loss	time loss	520	time loss
R_3s5IM3bGbNtc4XU	serious	time loss	1	time loss	time loss	520	time loss
R_3s6svosVBZhcLjp	recurring	Error tracking became possible, but requires active PI monitoring and time	1	Error tracking became possible, but requires active PI monitoring and time	irrelevant content	13	irrelevant content
R_3s6svosVBZhcLjp	serious	time loss	1	time loss	time loss	520	time loss
R_3s7iyh922xBWmba	recurring	time loss	1	time loss	time loss	520	time loss
R_3s7iyh922xBWmba	serious	NA	1	missing	missing	136	missing
R_3saEuW4TTviBwnM	recurring	time loss	1	time loss	time loss	520	time loss
R_3saEuW4TTviBwnM	serious	time loss	1	time loss	time loss	520	time loss
R_3sb7E8EQLjHDtj6	recurring	frustration	1	frustration	frustration	202	frustration
R_3sb7E8EQLjHDtj6	serious	frustration	1	frustration	frustration	202	frustration
R_3ssjvVtm5kqPBor	recurring	frustration	1	frustration	frustration	202	frustration
R_3ssjvVtm5kqPBor	serious	frustration	1	frustration	frustration	202	frustration
R_3sv4uN3gphG6Pxv	recurring	NA	1	missing	missing	136	missing
R_3sv4uN3gphG6Pxv	serious	NA	1	missing	missing	136	missing
R_3szfXpJiLetcwwr	recurring	time loss	1	time loss	time loss	520	time loss
R_3szfXpJiLetcwwr	serious	frustration	1	frustration	frustration	202	frustration
R_4Jx85V7Q7juO0rD	recurring	We have to write an erratum	1	We have to write an erratum	writing an erratum	4	frustration
R_4Jx85V7Q7juO0rD	serious	We have to write an erratum	1	We have to write an erratum	writing an erratum	4	frustration
R_4YsljcjsHBXYfSx	recurring	time loss	1	time loss	time loss	520	time loss
R_4YsljcjsHBXYfSx	serious	time loss	1	time loss	time loss	520	time loss
R_4Z9S8WkR6ezQJ7H	recurring	time loss and frustration	1	time loss	time loss	520	time loss
R_4Z9S8WkR6ezQJ7H	serious	time loss and frustration	1	time loss	time loss	520	time loss
R_4Z9S8WkR6ezQJ7H	recurring	time loss and frustration	2	frustration	frustration	202	frustration
R_4Z9S8WkR6ezQJ7H	serious	time loss and frustration	2	frustration	frustration	202	frustration
R_6gLIVQF1l9WfwFH	recurring	time loss	1	time loss	time loss	520	time loss
R_6gLIVQF1l9WfwFH	serious	time loss	1	time loss	time loss	520	time loss
R_6hDIMFdjLBO9MOd	recurring	time loss	1	time loss	time loss	520	time loss
R_6hDIMFdjLBO9MOd	serious	NA	1	missing	missing	136	missing
R_6hV0lkImqJ9lbCV	recurring	Admitted error in later publication on same issue	1	Admitted error in later publication on same issue	writing an erratum	4	frustration
R_6hV0lkImqJ9lbCV	serious	Data set had to be thrown out	1	Data set had to be thrown out	data loss	15	potential or real project failure or setback
R_6QYEgZeTJnngKZj	recurring	time loss	1	time loss	time loss	520	time loss
R_6QYEgZeTJnngKZj	serious	NA	1	missing	missing	136	missing
R_73C5WonwTfcN8Wt	recurring	time loss and frustration	1	time loss	time loss	520	time loss
R_73C5WonwTfcN8Wt	serious	time loss	1	time loss	time loss	520	time loss
R_73C5WonwTfcN8Wt	recurring	time loss and frustration	2	frustration	frustration	202	frustration
R_77kUEfBZkO5ZyOl	recurring	frustration	1	frustration	frustration	202	frustration
R_77kUEfBZkO5ZyOl	serious	frustration	1	frustration	frustration	202	frustration
R_7PVRV8S0OqzQTnz	recurring	time loss	1	time loss	time loss	520	time loss
R_7PVRV8S0OqzQTnz	serious	NA	1	missing	missing	136	missing
R_8pOKqiOkWWJ7MMF	recurring	Was not overly problematic and this related to old data that was already published	1	Was not overly problematic and this related to old data that was already published	insufficient information	5	insufficient information
R_8pOKqiOkWWJ7MMF	serious	NA	1	missing	missing	136	missing
R_9QE69SV6ZqszWjT	recurring	frustration	1	frustration	frustration	202	frustration
R_9QE69SV6ZqszWjT	serious	time loss	1	time loss	time loss	520	time loss
R_a9Gz8zHhb9u2pW1	recurring	time loss	1	time loss	time loss	520	time loss
R_a9Gz8zHhb9u2pW1	serious	time loss	1	time loss	time loss	520	time loss
R_AEvIrQSSmJP5wFb	recurring	time loss	1	time loss	time loss	520	time loss
R_AEvIrQSSmJP5wFb	serious	time loss	1	time loss	time loss	520	time loss
R_AFdMpLX9YukUDqV	recurring	time loss	1	time loss	time loss	520	time loss
R_AFdMpLX9YukUDqV	serious	erroneous conclusion	1	erroneous conclusion	erroneous conclusion	83	erroneous conclusion
R_AGrmutGJFICE93z	recurring	time loss	1	time loss	time loss	520	time loss
R_AGrmutGJFICE93z	serious	time loss	1	time loss	time loss	520	time loss
R_Ajw5jmJ8M7DobyF	recurring	Loss of sample participants	1	Loss of sample participants	participant loss	4	potential or real project failure or setback
R_Ajw5jmJ8M7DobyF	serious	frustration	1	frustration	frustration	202	frustration
R_AmI4PaDaAItn0MF	recurring	time loss	1	time loss	time loss	520	time loss
R_AmI4PaDaAItn0MF	serious	declined to revise the manuscript after a successful R&R-- a reviewer comment, fortunately, prompted further investigation and discovery of this data cleaning error	1	declined to revise the manuscript after a successful R&R-- a reviewer comment, fortunately, prompted further investigation and discovery of this data cleaning error	revision of the manuscript declined	1	potential or real project failure or setback
R_Asx9afieZL39PhL	recurring	time loss	1	time loss	time loss	520	time loss
R_Asx9afieZL39PhL	serious	NA	1	missing	missing	136	missing
R_b7t6V0jFlrRqXzr	recurring	frustration	1	frustration	frustration	202	frustration
R_b7t6V0jFlrRqXzr	serious	NA	1	missing	missing	136	missing
R_bCncU5uFNDBQAdr	recurring	time loss	1	time loss	time loss	520	time loss
R_bCncU5uFNDBQAdr	serious	financial loss	1	financial loss	financial loss	39	financial lost
R_bCNgup74QHnWVKp	recurring	timeloss and frustration	1	timeloss	time loss	520	time loss
R_bCNgup74QHnWVKp	serious	time loss and frustration	1	time loss	time loss	520	time loss
R_bCNgup74QHnWVKp	recurring	timeloss and frustration	2	frustration	frustration	202	frustration
R_bCNgup74QHnWVKp	serious	time loss and frustration	2	frustration	frustration	202	frustration
R_beZArZ7io7gtZKh	recurring	time loss	1	time loss	time loss	520	time loss
R_beZArZ7io7gtZKh	serious	NA	1	missing	missing	136	missing
R_BG2zCrSq72cu5oJ	recurring	time loss	1	time loss	time loss	520	time loss
R_BG2zCrSq72cu5oJ	serious	time loss	1	time loss	time loss	520	time loss
R_Bybv9JqSnv0Hern	recurring	time loss	1	time loss	time loss	520	time loss
R_Bybv9JqSnv0Hern	serious	time loss	1	time loss	time loss	520	time loss
R_ByOF9nbo28ZJhG9	recurring	time loss	1	time loss	time loss	520	time loss
R_ByOF9nbo28ZJhG9	serious	time loss	1	time loss	time loss	520	time loss
R_cBI2DIvDQbW5cDD	recurring	erroneous conclusion	1	erroneous conclusion	erroneous conclusion	83	erroneous conclusion
R_cBI2DIvDQbW5cDD	serious	erroneous conclusion	1	erroneous conclusion	erroneous conclusion	83	erroneous conclusion
R_cCsCmJ2M9PGyP8R	recurring	erroneous conclusion that was corrected	1	erroneous conclusion that was corrected	erroneous conclusion	83	erroneous conclusion
R_cCsCmJ2M9PGyP8R	serious	NA	1	missing	missing	136	missing
R_Cfzi2YLDaPWFnRT	recurring	Financial loss, time loss, frustration	1	Financial loss	financial loss	39	financial lost
R_Cfzi2YLDaPWFnRT	serious	NA	1	missing	missing	136	missing
R_Cfzi2YLDaPWFnRT	recurring	Financial loss, time loss, frustration	2	time loss	time loss	520	time loss
R_Cfzi2YLDaPWFnRT	recurring	Financial loss, time loss, frustration	3	frustration	frustration	202	frustration
R_cI8mWxOvlaSvaSZ	recurring	time loss	1	time loss	time loss	520	time loss
R_cI8mWxOvlaSvaSZ	serious	time loss	1	time loss	time loss	520	time loss
R_cIpsWQTCtqyVUd3	recurring	time loss	1	time loss	time loss	520	time loss
R_cIpsWQTCtqyVUd3	serious	frustration	1	frustration	frustration	202	frustration
R_cOwnko1L9iV7hWV	recurring	time loss	1	time loss	time loss	520	time loss
R_cOwnko1L9iV7hWV	serious	time loss	1	time loss	time loss	520	time loss
R_cuv0b8aL16OZV5f	recurring	time loss	1	time loss	time loss	520	time loss
R_cuv0b8aL16OZV5f	serious	data loss	1	data loss	data loss	15	potential or real project failure or setback
R_cYFPvH5xI8jDLOh	recurring	less meaningful results	1	less meaningful results	less meaningful results	1	loss of scientific value
R_cYFPvH5xI8jDLOh	serious	NA	1	missing	missing	136	missing
R_CZELpbmkR2H9uz7	recurring	frustration	1	frustration	frustration	202	frustration
R_CZELpbmkR2H9uz7	serious	time loss	1	time loss	time loss	520	time loss
R_d5bHbCJFKEtSdcB	recurring	time loss	1	time loss	time loss	520	time loss
R_d5bHbCJFKEtSdcB	serious	erroneous conclusion	1	erroneous conclusion	erroneous conclusion	83	erroneous conclusion
R_d9XxjKNfZKBlcv7	recurring	erroneous conclusion	1	erroneous conclusion	erroneous conclusion	83	erroneous conclusion
R_d9XxjKNfZKBlcv7	serious	financial loss	1	financial loss	financial loss	39	financial lost
R_DBlXUQLPEwonUSB	recurring	time loss	1	time loss	time loss	520	time loss
R_DBlXUQLPEwonUSB	serious	time loss	1	time loss	time loss	520	time loss
R_DCZvMltMaiLK0zD	recurring	time loss	1	time loss	time loss	520	time loss
R_DCZvMltMaiLK0zD	serious	We did the analyses with less data - it impairs our power	1	We did the analyses with less data - it impairs our power	data loss	15	potential or real project failure or setback
R_DSGTNrt5b3NfEyd	recurring	time loss	1	time loss	time loss	520	time loss
R_DSGTNrt5b3NfEyd	serious	time loss	1	time loss	time loss	520	time loss
R_DuXE6py2mbqw7qV	recurring	time loss	1	time loss	time loss	520	time loss
R_DuXE6py2mbqw7qV	serious	frustration	1	frustration	frustration	202	frustration
R_DzXT4qsbkrvDVDP	recurring	none	1	none	none	13	"NA"
R_DzXT4qsbkrvDVDP	serious	none	1	none	none	13	"NA"
R_e2QJYA7HDLHM0QV	recurring	time loss	1	time loss	time loss	520	time loss
R_e2QJYA7HDLHM0QV	serious	time loss	1	time loss	time loss	520	time loss
R_e5USP07muEESOKB	recurring	NA	1	missing	missing	136	missing
R_e5USP07muEESOKB	serious	frustration	1	frustration	frustration	202	frustration
R_exlSjtrcVMPpPkl	recurring	erroneous conclusion	1	erroneous conclusion	erroneous conclusion	83	erroneous conclusion
R_exlSjtrcVMPpPkl	serious	NA	1	missing	missing	136	missing
R_eYdELbJBuvjhdyF	recurring	time loss	1	time loss	time loss	520	time loss
R_eYdELbJBuvjhdyF	serious	time loss	1	time loss	time loss	520	time loss
R_Oa2svKJHachQHnP	recurring	frustration	1	frustration	frustration	202	frustration
R_Oa2svKJHachQHnP	serious	time loss	1	time loss	time loss	520	time loss
R_OBy6N3n9kcEUbmx	recurring	time loss	1	time loss	time loss	520	time loss
R_OBy6N3n9kcEUbmx	serious	NA	1	missing	missing	136	missing
R_OcBfzKXUA2Vg1mV	recurring	time loss	1	time loss	time loss	520	time loss
R_OcBfzKXUA2Vg1mV	serious	NA	1	missing	missing	136	missing
R_OHDG36aZkVyuXAJ	recurring	time loss	1	time loss	time loss	520	time loss
R_OHDG36aZkVyuXAJ	serious	NA	1	missing	missing	136	missing
R_OlZPqe0dnO5809z	recurring	time loss	1	time loss	time loss	520	time loss
R_OlZPqe0dnO5809z	serious	time and Financial loss	1	time	time loss	520	time loss
R_OlZPqe0dnO5809z	serious	time and Financial loss	2	Financial loss	financial loss	39	financial lost
R_OvXfiWtDSp3WRdD	recurring	time loss	1	time loss	time loss	520	time loss
R_OvXfiWtDSp3WRdD	serious	cannot really use the affceted data	1	cannot really use the affceted data	unusable data	4	potential or real project failure or setback
R_p0BJ8JCn92K9IaJ	recurring	time loss	1	time loss	time loss	520	time loss
R_p0BJ8JCn92K9IaJ	serious	NA	1	missing	missing	136	missing
R_p3M2Ir2HhdW3gTD	recurring	time loss	1	time loss	time loss	520	time loss
R_p3M2Ir2HhdW3gTD	serious	NA	1	missing	missing	136	missing
R_pDGuvxLRGbALOtH	recurring	frustration	1	frustration	frustration	202	frustration
R_pDGuvxLRGbALOtH	serious	frustration	1	frustration	frustration	202	frustration
R_pN6MH6N2QB5EWkN	recurring	frustration	1	frustration	frustration	202	frustration
R_pN6MH6N2QB5EWkN	serious	Some data points could not be used	1	Some data points could not be used	unusable data	4	potential or real project failure or setback
R_POu1cEcaePOzhkt	recurring	time loss	1	time loss	time loss	520	time loss
R_POu1cEcaePOzhkt	serious	NA	1	missing	missing	136	missing
R_pscJ1L4obDNvx3H	recurring	time loss	1	time loss	time loss	520	time loss
R_pscJ1L4obDNvx3H	serious	time loss	1	time loss	time loss	520	time loss
R_PULxBT05Q47IOmR	recurring	frustration	1	frustration	frustration	202	frustration
R_PULxBT05Q47IOmR	serious	NA	1	missing	missing	136	missing
R_Q6a2dBgrDtQZrcl	recurring	frustration	1	frustration	frustration	202	frustration
R_Q6a2dBgrDtQZrcl	serious	erroneous conclusion	1	erroneous conclusion	erroneous conclusion	83	erroneous conclusion
R_QaFTHFdsxfpvsFb	recurring	time loss	1	time loss	time loss	520	time loss
R_QaFTHFdsxfpvsFb	serious	frustration	1	frustration	frustration	202	frustration
R_qITgjpy8nUlimv7	recurring	time loss	1	time loss	time loss	520	time loss
R_qITgjpy8nUlimv7	serious	time loss	1	time loss	time loss	520	time loss
R_qJFDhrxLT2tTZ5v	recurring	time loss	1	time loss	time loss	520	time loss
R_qJFDhrxLT2tTZ5v	serious	frustration	1	frustration	frustration	202	frustration
R_qJHLDJdVTdBowI9	recurring	time loss	1	time loss	time loss	520	time loss
R_qJHLDJdVTdBowI9	serious	time loss	1	time loss	time loss	520	time loss
R_qyVu3WJ4rXTojBf	recurring	time loss	1	time loss	time loss	520	time loss
R_qyVu3WJ4rXTojBf	serious	erroneous conclusion	1	erroneous conclusion	erroneous conclusion	83	erroneous conclusion
R_qyZXW5SQf5lG4Ol	recurring	time loss	1	time loss	time loss	520	time loss
R_qyZXW5SQf5lG4Ol	serious	time loss	1	time loss	time loss	520	time loss
R_R4b2NHauEWrdgcN	recurring	time loss	1	time loss	time loss	520	time loss
R_R4b2NHauEWrdgcN	serious	NA	1	missing	missing	136	missing
R_RDng1vjQz0Eut2x	recurring	time loss	1	time loss	time loss	520	time loss
R_RDng1vjQz0Eut2x	serious	time loss	1	time loss	time loss	520	time loss
R_RgJqa1XTk8Aexax	recurring	difficulty in publishing the results	1	difficulty in publishing the results	difficulty in publishing results	1	potential or real project failure or setback
R_RgJqa1XTk8Aexax	serious	time loss	1	time loss	time loss	520	time loss
R_RLJj4PkFNDEdYit	recurring	time loss	1	time loss	time loss	520	time loss
R_RLJj4PkFNDEdYit	serious	time loss	1	time loss	time loss	520	time loss
R_roMs84O8u4uODHb	recurring	time loss	1	time loss	time loss	520	time loss
R_roMs84O8u4uODHb	serious	frustration	1	frustration	frustration	202	frustration
R_RwbZAYqdAdCWJpL	recurring	time loss for redoing analyses and frustration (both)	1	time loss for redoing analyses	time loss	520	time loss
R_RwbZAYqdAdCWJpL	serious	no major mistakes	1	no major mistakes	none	13	"NA"
R_RwbZAYqdAdCWJpL	recurring	time loss for redoing analyses and frustration (both)	2	frustration	frustration	202	frustration
R_RxBYZwBUfiAACBP	recurring	time loss	1	time loss	time loss	520	time loss
R_RxBYZwBUfiAACBP	serious	time loss	1	time loss	time loss	520	time loss
R_sbMzGYvocQNch7X	recurring	imprecise results	1	imprecise results	imprecise results	1	loss of scientific value
R_sbMzGYvocQNch7X	serious	see above	1	see above	see above	4	see above
R_SCp4SDJW7H7SgNz	recurring	time loss	1	time loss	time loss	520	time loss
R_SCp4SDJW7H7SgNz	serious	NA	1	missing	missing	136	missing
R_SH3w71pRCZDwotH	recurring	frustration	1	frustration	frustration	202	frustration
R_SH3w71pRCZDwotH	serious	NA	1	missing	missing	136	missing
R_SHwFOwZ6VkkfpPr	recurring	time loss	1	time loss	time loss	520	time loss
R_SHwFOwZ6VkkfpPr	serious	frustration	1	frustration	frustration	202	frustration
R_SJNhx4IBeQ1eZu9	recurring	erroneous conclusion	1	erroneous conclusion	erroneous conclusion	83	erroneous conclusion
R_SJNhx4IBeQ1eZu9	serious	NA	1	missing	missing	136	missing
R_sKV54jfDQ68Jx05	recurring	erroneous conclusion	1	erroneous conclusion	erroneous conclusion	83	erroneous conclusion
R_sKV54jfDQ68Jx05	serious	erroneous conclusion	1	erroneous conclusion	erroneous conclusion	83	erroneous conclusion
R_T1kUZzmLbVaqMQp	recurring	erroneous conclusion	1	erroneous conclusion	erroneous conclusion	83	erroneous conclusion
R_T1kUZzmLbVaqMQp	serious	erroneous conclusion	1	erroneous conclusion	erroneous conclusion	83	erroneous conclusion
R_T1L5jxO15Adwh0d	recurring	Plus time loss. You should allow us to select multiple outcomes here.	1	Plus time loss. You should allow us to select multiple outcomes here.	time loss	520	time loss
R_T1L5jxO15Adwh0d	serious	frustration	1	frustration	frustration	202	frustration
R_T4VDquP5brp47AZ	recurring	time loss	1	time loss	time loss	520	time loss
R_T4VDquP5brp47AZ	serious	time loss	1	time loss	time loss	520	time loss
R_T5iKcDfWBpqUOaJ	recurring	time loss	1	time loss	time loss	520	time loss
R_T5iKcDfWBpqUOaJ	serious	frustration	1	frustration	frustration	202	frustration
R_T6OrGQxMHJekFCF	recurring	frustration	1	frustration	frustration	202	frustration
R_T6OrGQxMHJekFCF	serious	financial loss	1	financial loss	financial loss	39	financial lost
R_Tn1zCiJl48M49bP	recurring	time loss	1	time loss	time loss	520	time loss
R_Tn1zCiJl48M49bP	serious	time loss	1	time loss	time loss	520	time loss
R_u3udJvSlp9H0lYR	recurring	time loss	1	time loss	time loss	520	time loss
R_u3udJvSlp9H0lYR	serious	frustration	1	frustration	frustration	202	frustration
R_u7y4awKmx0P9uMx	recurring	time loss	1	time loss	time loss	520	time loss
R_u7y4awKmx0P9uMx	serious	time loss	1	time loss	time loss	520	time loss
R_Ub6KK5sJLnRBQBj	recurring	time loss	1	time loss	time loss	520	time loss
R_Ub6KK5sJLnRBQBj	serious	time loss	1	time loss	time loss	520	time loss
R_Ugcj0Hs9IX1A3WV	recurring	time loss	1	time loss	time loss	520	time loss
R_Ugcj0Hs9IX1A3WV	serious	time loss	1	time loss	time loss	520	time loss
R_UmqU7Ly1qrMBjHP	recurring	frustration	1	frustration	frustration	202	frustration
R_UmqU7Ly1qrMBjHP	serious	frustration	1	frustration	frustration	202	frustration
R_usJmD25Zml44ef7	recurring	time loss	1	time loss	time loss	520	time loss
R_usJmD25Zml44ef7	serious	NA	1	missing	missing	136	missing
R_UW9udpehJoHvjeV	recurring	time loss	1	time loss	time loss	520	time loss
R_UW9udpehJoHvjeV	serious	frustration	1	frustration	frustration	202	frustration
R_uwilEnZKlzMWNLH	recurring	time loss	1	time loss	time loss	520	time loss
R_uwilEnZKlzMWNLH	serious	time loss	1	time loss	time loss	520	time loss
R_uyQjDVLfMF1DjEJ	recurring	time loss	1	time loss	time loss	520	time loss
R_uyQjDVLfMF1DjEJ	serious	frustration	1	frustration	frustration	202	frustration
R_uyxOp5bl3Heyi5P	recurring	frustration	1	frustration	frustration	202	frustration
R_uyxOp5bl3Heyi5P	serious	frustration	1	frustration	frustration	202	frustration
R_vCDw2trrlQggWnD	recurring	time loss	1	time loss	time loss	520	time loss
R_vCDw2trrlQggWnD	serious	time loss	1	time loss	time loss	520	time loss
R_vGhe9SFx67Tm8md	recurring	The data collection and analyses were always double-checked, so I did not have to recollect data, however I rerun the data	1	The data collection and analyses were always double-checked, so I did not have to recollect data, however I rerun the data	had to rerun the analysis	1	potential or real project failure or setback
R_vGhe9SFx67Tm8md	serious	frustration	1	frustration	frustration	202	frustration
R_vktbxXQAdWGQUmJ	recurring	time loss	1	time loss	time loss	520	time loss
R_vktbxXQAdWGQUmJ	serious	time loss	1	time loss	time loss	520	time loss
R_vOfSDKH9m5bsxQl	recurring	frustration	1	frustration	frustration	202	frustration
R_vOfSDKH9m5bsxQl	serious	frustration	1	frustration	frustration	202	frustration
R_vq2t8wRHyyhk10J	recurring	none	1	none	none	13	"NA"
R_vq2t8wRHyyhk10J	serious	none	1	none	none	13	"NA"
R_vSpnniXC9QK5jj3	recurring	None	1	None	none	13	"NA"
R_vSpnniXC9QK5jj3	serious	None	1	None	none	13	"NA"
R_vTAtDgS8N64qWDn	recurring	time loss	1	time loss	time loss	520	time loss
R_vTAtDgS8N64qWDn	serious	time loss	1	time loss	time loss	520	time loss
R_W2NaMKUGZou4QDv	recurring	time loss	1	time loss	time loss	520	time loss
R_W2NaMKUGZou4QDv	serious	time loss	1	time loss	time loss	520	time loss
R_WDKxkIWKqWPUbqV	recurring	time loss	1	time loss	time loss	520	time loss
R_WDKxkIWKqWPUbqV	serious	time loss	1	time loss	time loss	520	time loss
R_wQKtnSahMtTdwZP	recurring	time loss	1	time loss	time loss	520	time loss
R_wQKtnSahMtTdwZP	serious	time loss	1	time loss	time loss	520	time loss
R_wRyMeFjM4H8I52h	recurring	time loss	1	time loss	time loss	520	time loss
R_wRyMeFjM4H8I52h	serious	time loss	1	time loss	time loss	520	time loss
R_x8Z2fY3NuG06l69	recurring	time loss	1	time loss	time loss	520	time loss
R_x8Z2fY3NuG06l69	serious	time loss	1	time loss	time loss	520	time loss
R_xa49SUkv3DKQme5	recurring	time loss	1	time loss	time loss	520	time loss
R_xa49SUkv3DKQme5	serious	time loss	1	time loss	time loss	520	time loss
R_xaBv50AriU5pPt7	recurring	time loss	1	time loss	time loss	520	time loss
R_xaBv50AriU5pPt7	serious	time loss	1	time loss	time loss	520	time loss
R_xf1mZKJUgYbss6J	recurring	frustration	1	frustration	frustration	202	frustration
R_xf1mZKJUgYbss6J	serious	frustration	1	frustration	frustration	202	frustration
R_XiYRBKDZ1f0f0wV	recurring	time loss	1	time loss	time loss	520	time loss
R_XiYRBKDZ1f0f0wV	serious	time loss	1	time loss	time loss	520	time loss
R_XLNMXHwqdiwAG7D	recurring	time loss	1	time loss	time loss	520	time loss
R_XLNMXHwqdiwAG7D	serious	time loss	1	time loss	time loss	520	time loss
R_XojQnylYueRx31f	recurring	NA	1	missing	missing	136	missing
R_XojQnylYueRx31f	serious	NA	1	missing	missing	136	missing
R_Xp37cWl6slWgFWN	recurring	time loss	1	time loss	time loss	520	time loss
R_Xp37cWl6slWgFWN	serious	time loss	1	time loss	time loss	520	time loss
R_XQWU5837JcirPJD	recurring	time loss	1	time loss	time loss	520	time loss
R_XQWU5837JcirPJD	serious	time loss	1	time loss	time loss	520	time loss
R_XR4vuDYVTZUdDxf	recurring	time loss	1	time loss	time loss	520	time loss
R_XR4vuDYVTZUdDxf	serious	time loss	1	time loss	time loss	520	time loss
R_XYUxOqaUOdv9F97	recurring	Lower quality data = less certainty about conclusion (analysis can still go ahead but the error must be acknowledged and so gre findings are less reliable). Also? We need to admit to errors in the paper and it is embarrassing	1	Lower quality data = less certainty about conclusion (analysis can still go ahead but the error must be acknowledged and so gre findings are less reliable). Also?	less reliable results	1	loss of scientific value
R_XYUxOqaUOdv9F97	serious	I don’t know how many people used the scale before we realised and corrected. It would be less reliable (4/42 items were incorrectly scored), potentially reading to Tyoe II erroe	1	I don’t know how many people used the scale before we realised and corrected. It would be less reliable (4/42 items were incorrectly scored)	less reliable data	1	loss of scientific value
R_XYUxOqaUOdv9F97	recurring	Lower quality data = less certainty about conclusion (analysis can still go ahead but the error must be acknowledged and so gre findings are less reliable). Also? We need to admit to errors in the paper and it is embarrassing	2	We need to admit to errors in the paper and it is embarrassing	embarrassment	3	frustration
R_XYUxOqaUOdv9F97	serious	I don’t know how many people used the scale before we realised and corrected. It would be less reliable (4/42 items were incorrectly scored), potentially reading to Tyoe II erroe	2	potentially reading to Tyoe II erroe	possibility of Type II error	1	loss of scientific value
R_Y6sggRDaiYKcxP3	recurring	frustration	1	frustration	frustration	202	frustration
R_Y6sggRDaiYKcxP3	serious	frustration	1	frustration	frustration	202	frustration
R_yD8d1A59bQGBOut	recurring	frustration	1	frustration	frustration	202	frustration
R_yD8d1A59bQGBOut	serious	frustration	1	frustration	frustration	202	frustration
R_yDdfJsIfeCY3yRr	recurring	Frustration and minor time loss, have to fix the mistake	1	Frustration	frustration	202	frustration
R_yDdfJsIfeCY3yRr	serious	Time loss and lots of frustration, maybe erroneous conclusion except that it was BEFORE submitting so not sure if that counts	1	Time loss	time loss	520	time loss
R_yDdfJsIfeCY3yRr	recurring	Frustration and minor time loss, have to fix the mistake	2	minor time loss, have to fix the mistake	time loss	520	time loss
R_yDdfJsIfeCY3yRr	serious	Time loss and lots of frustration, maybe erroneous conclusion except that it was BEFORE submitting so not sure if that counts	2	lots of frustration	frustration	202	frustration
R_yDdfJsIfeCY3yRr	serious	Time loss and lots of frustration, maybe erroneous conclusion except that it was BEFORE submitting so not sure if that counts	3	maybe erroneous conclusion except that it was BEFORE submitting so not sure if that counts	erroneous conclusion	83	erroneous conclusion
R_YPHfNIaeRchw0PT	recurring	time loss	1	time loss	time loss	520	time loss
R_YPHfNIaeRchw0PT	serious	N/A	1	N/A	irrelevant content	13	irrelevant content
R_YRpTUYsPnCHJ2U1	recurring	frustration	1	frustration	frustration	202	frustration
R_YRpTUYsPnCHJ2U1	serious	time loss	1	time loss	time loss	520	time loss
R_ysSpq9fCGv43WI9	recurring	time loss	1	time loss	time loss	520	time loss
R_ysSpq9fCGv43WI9	serious	time loss	1	time loss	time loss	520	time loss
R_zdpFVud5GMDjVUl	recurring	N/A	1	N/A	irrelevant content	13	irrelevant content
R_zdpFVud5GMDjVUl	serious	N/A	1	N/A	irrelevant content	13	irrelevant content
R_ZdxANIAeQf93MkN	recurring	frustration	1	frustration	frustration	202	frustration
R_ZdxANIAeQf93MkN	serious	erroneous conclusion	1	erroneous conclusion	erroneous conclusion	83	erroneous conclusion
R_ZJATnXkWyr4rKWl	recurring	NA	1	missing	missing	136	missing
R_ZJATnXkWyr4rKWl	serious	NA	1	missing	missing	136	missing
R_ZJlgxWYq9ryKVJ7	recurring	time loss	1	time loss	time loss	520	time loss
R_ZJlgxWYq9ryKVJ7	serious	time loss	1	time loss	time loss	520	time loss
R_ZKoWiUDZBNjI1kl	recurring	erroneous conclusion	1	erroneous conclusion	erroneous conclusion	83	erroneous conclusion
R_ZKoWiUDZBNjI1kl	serious	The article would have to be abandoned, and sanctions taken. This did not occur, due to decisions made above my pay grade, but I still consider it a failure.	1	The article would have to be abandoned.	abandoned article	1	potential or real project failure or setback
R_ZmXnCTgu01NJWAV	recurring	NA	1	missing	missing	136	missing
R_ZmXnCTgu01NJWAV	serious	NA	1	missing	missing	136	missing
R_zTomGWKEQc3Ne8h	recurring	time loss	1	time loss	time loss	520	time loss
R_zTomGWKEQc3Ne8h	serious	NA	1	missing	missing	136	missing
R_ZyPIaTnZlEqj2PT	recurring	time loss	1	time loss	time loss	520	time loss
R_ZyPIaTnZlEqj2PT	serious	NA	1	missing	missing	136	missing
